01/01/1993,10.4,4.393,9.291,0,0,0,4,26.1,24.86
02/01/1993,9.95,4.239,8.622,0,0,0.8,0,24.86,23.6
03/01/1993,9.46,4.124,8.057,0,0,0.8,0,23.6,23.47
04/01/1993,9.41,4.363,7.925,2.4,24.8,0.8,61.6,23.47,60.7
05/01/1993,26.3,11.962,58.704,11.2,5.6,33.6,111.2,60.7,98.01
06/01/1993,32.1,10.237,34.416,0,0,1.6,0.8,98.01,56.99
07/01/1993,19.3,7.254,22.263,5.6,4,17.6,36,56.99,56.66
08/01/1993,22,7.266,29.587,1.6,0,1.6,2.4,56.66,78.1
09/01/1993,35.5,8.153,60.253,14.4,0.8,55.2,104.8,78.1,125.7
10/01/1993,51,13.276,93.951,20.8,2.4,76,136.8,125.7,195.9
11/01/1993,65.5,25.561,69.503,10.4,16,12,28,195.9,125.4
12/01/1993,32,20.715,40.514,7.2,4,0.8,24,125.4,161.5
13/01/1993,64.3,36.54,106.753,39.2,8.8,82.8,118,161.5,204
14/01/1993,69.1,28.457,60.325,5.6,1.6,8,12.8,204,200.6
15/01/1993,94.6,33.761,142.159,36,12,72,72,200.6,234.4
16/01/1993,99,38.484,77.439,8.8,2.4,7.2,40,234.4,160.1
17/01/1993,58.2,21.022,57.103,6.4,0.8,0,21.6,160.1,104.1
18/01/1993,34.1,15.191,42.697,16.8,2.4,44,103.2,104.1,136.4
19/01/1993,59.8,16.456,79.028,7.2,0,34.4,86.4,136.4,137.1
20/01/1993,48,18.587,70.19,6.4,0,19.2,26.4,137.1,124.3
21/01/1993,42.6,18.687,88.489,27.2,4,51.2,80.4,124.3,175.9
22/01/1993,66.6,26.501,74.365,4.8,2.4,6.4,18.4,175.9,128.1
23/01/1993,41.4,23.124,101.231,40.8,18.4,62.4,120.4,128.1,270.3
24/01/1993,124,57.874,138.304,28,16.8,7.2,29.6,270.3,206.5
25/01/1993,70,34.921,62.332,2.4,0,0,2.4,206.5,116.4
26/01/1993,35.4,18.518,43.343,0.8,0,0,9.6,116.4,92.52
27/01/1993,33.2,16.112,39.664,3.2,7.2,0.8,12,92.52,104.3
28/01/1993,36.3,18.059,61.693,0.8,6.4,7.2,84.8,104.3,106
29/01/1993,33.9,18.287,43.674,0.8,0,4.8,4,106,80.07
30/01/1993,25.8,15.197,31.682,0,0,0,2.4,80.07,64.14
31/01/1993,22.1,11.821,26.37,0,7.2,7.2,4,64.14,56.13
01/02/1993,20.2,10.624,21.884,0,0,0.8,4.8,56.13,50.29
02/02/1993,18.4,9.607,19.046,0,0,0.8,0,50.29,43.38
03/02/1993,16.9,6.394,17.181,0,0,0,0,43.38,40.47
04/02/1993,15.8,7.112,15.511,0,0,0.8,0,40.47,37.36
05/02/1993,14.9,6.213,14.625,4.8,9.6,0,2.4,37.36,37.74
06/02/1993,15.5,6.641,14.918,0.8,7.2,4.8,1.6,37.74,38.31
07/02/1993,15.8,6.336,14.1,0,0,1.6,0,38.31,36.22
08/02/1993,14.9,6.009,12.959,1.6,0,0,0,36.22,35.92
09/02/1993,14.6,6.448,13.352,0.8,0,0,0,35.92,36.61
10/02/1993,14.7,6.605,13.52,0,0,0,0.8,36.61,35.6
11/02/1993,14.4,6.349,13.019,0,0,0,0,35.6,33.17
12/02/1993,13.4,5.806,11.879,0,0,0,0,33.17,29.24
14/02/1993,11.9,5.275,10.437,0,0,0,0,29.24,27.48
15/02/1993,11.4,5.103,9.913,0,0,28.8,0,27.48,26.18
16/02/1993,10.8,4.866,9.478,0,0,0.8,0,26.18,25.14
17/02/1993,10.4,4.676,8.969,0,0,8,0,25.14,24.24
18/02/1993,10.3,4.569,8.846,1.6,0,38.4,17.6,24.24,23.59
19/02/1993,9.84,4.378,8.552,0,0,2.4,0,23.59,22.7
20/02/1993,9.46,4.089,8.719,0,0,6.4,0.8,22.7,21.52
21/02/1993,8.87,3.945,8.013,0,0,0,0,21.52,20.43
22/02/1993,8.52,3.777,7.723,1.6,0,0.8,1.6,20.43,20.35
23/02/1993,8.71,3.617,7.497,0,0,1.6,0,20.35,20.12
24/02/1993,8.5,3.551,7.268,0,0,0,0,20.12,19.47
25/02/1993,8.48,3.146,7.078,1.6,0.8,12,51.2,19.47,20.01
26/02/1993,8.88,3.278,8.167,16.8,15.2,4.8,8,20.01,21.74
27/02/1993,9.45,3.131,8.87,5.6,0.8,10.4,4,21.74,20.26
28/02/1993,8.59,2.966,7.842,5.6,15.2,0.8,0,20.26,20.76
01/03/1993,8.94,3.36,7.604,21.6,16,1.6,11.2,20.76,23.62
02/03/1993,11.5,3.4,7.539,1.6,0,0.8,9.6,23.62,26.09
03/03/1993,12.5,3.783,7.599,1.6,0,0.8,2.4,26.09,24.17
04/03/1993,10.9,3.613,7.571,1.6,0,0,0.8,24.17,23.07
05/03/1993,11.2,3.698,9.979,0,0,2.4,0.8,23.07,41.84
06/03/1993,21.8,4.007,18.978,0,0,0,0,41.84,36.05
07/03/1993,15.6,3.295,13.159,0,0,0,0,36.05,28.01
08/03/1993,11.8,3.052,10.379,0,0,0,0,28.01,24.2
09/03/1993,10.5,2.906,9.187,0,0,0,0,24.2,22
10/03/1993,9.58,2.791,8.292,0,0,3.2,4,22,20.62
11/03/1993,8.99,2.869,7.826,0,0.8,5.6,1.6,20.62,20.02
12/03/1993,9.03,2.806,7.783,1.6,0,8,15.2,20.02,20.56
13/03/1993,8.95,2.746,7.741,0.8,0,23.2,6.4,20.56,17.97
14/03/1993,9.01,2.643,8.101,0,0,61.6,0,17.97,20.06
17/03/1993,9.18,2.559,9.854,0,0,0.8,4.8,20.06,22.36
18/03/1993,9.29,2.519,12.636,5.6,0,6.4,8.8,22.36,25.27
19/03/1993,10.7,2.396,11.597,0,0,10.4,0,25.27,20.08
20/03/1993,8.23,2.44,8.606,0,0,0,4.8,20.08,18.08
21/03/1993,7.75,2.48,8.516,6.4,0,0,29.6,18.08,21.39
22/03/1993,9.71,2.467,10.637,1.6,0,1.6,5.6,21.39,18.6
23/03/1993,7.87,2.392,8.405,11.2,0.8,10.4,13.6,18.6,17.51
24/03/1993,8.08,2.327,8.753,0,0,1.6,4.8,17.51,17.68
25/03/1993,7.87,2.261,8.37,0,0,0,0,17.68,16.52
26/03/1993,7.23,2.232,7.543,0,0,0.8,0,16.52,15.18
27/03/1993,6.75,2.244,6.864,0,0,0,0,15.18,14.32
28/03/1993,6.51,2.248,6.529,0,0,0.8,4.8,14.32,13.93
29/03/1993,6.37,2.232,6.349,2.4,0,8,16.8,13.93,13.99
30/03/1993,6.48,2.339,6.315,12,10,1.6,24.8,13.99,15.32
31/03/1993,7.31,2.462,8.001,5.6,7.2,13.6,15.2,15.32,17.46
01/04/1993,7.59,2.745,8.062,0.8,10.4,2.4,4,17.46,16.61
02/04/1993,7.29,2.578,7.27,0,1.6,13.6,22.8,16.61,15.23
03/04/1993,7.11,2.528,6.801,16,38.4,47.2,5.6,15.23,20.33
04/04/1993,9.05,4.101,9.408,0,1.6,4,48,20.33,44.18
05/04/1993,17.9,6.957,45.864,92,40,76.8,26.4,44.18,120
06/04/1993,58.6,7.27,64.776,24.8,0,21.6,6.4,120,37.99
08/04/1993,14.1,3.551,16.599,17.6,7.2,51.2,0,37.99,92.73
09/04/1993,45.3,22.968,70.041,55.2,23.2,91.2,0.8,92.73,148.5
10/04/1993,63.5,19.284,46.38,0.8,0.8,0.8,0,148.5,77.64
11/04/1993,25.5,8.393,25.626,16,8,3.2,4,77.64,62.7
12/04/1993,22.6,13.597,25.381,37.2,6.4,15.2,7.2,62.7,72
13/04/1993,33.1,11.988,23.8,0,0,0,21.6,72,52.73
14/04/1993,19.6,7.377,17.473,0,0,0,27.2,52.73,38.61
15/04/1993,15,5.763,13.984,0,0,0.8,12,38.61,32.41
16/04/1993,13.4,5.112,11.856,0,4,55.2,22,32.41,29.05
17/04/1993,12,4.634,11.106,0,0,7.2,41.6,29.05,34.01
18/04/1993,11.9,4.817,28.253,32.8,8.8,143.2,1.6,34.01,66.89
19/04/1993,25.6,5.872,36.554,4.8,4,12,18,66.89,52.91
20/04/1993,18.6,5.122,19.74,5.6,1.6,12.8,103.6,52.91,40
21/04/1993,16.4,4.823,18.456,2.4,0,4.8,26.4,40,37.47
22/04/1993,14.3,4.348,14.608,0,0,4.8,7.2,37.47,30.47
23/04/1993,12.7,4.059,14.354,8.8,20,33.6,19.2,30.47,36.89
24/04/1993,15.6,4.39,17.31,5.6,0.8,0.8,8.8,36.89,90.87
25/04/1993,43,25.141,60.588,13.6,60,83.2,36,90.87,134.9
26/04/1993,55.3,18.877,37.16,18.4,0,7.2,6.4,134.9,48.21
28/04/1993,17.3,7.952,16.25,1.6,0,0,0,48.21,37.13
29/04/1993,14.3,6.379,12.918,1.6,0,0,0,37.13,31.33
30/04/1993,12.4,5.288,10.971,0.8,0,0,4,31.33,29.42
01/05/1993,11.2,4.704,12.668,0.8,0,0,4,29.42,25.83
02/05/1993,10.2,4.472,9.636,0,4.8,8.8,28,25.83,22.82
03/05/1993,9.43,3.817,9.117,0,0,0,0,22.82,21.51
04/05/1993,8.8,3.549,8.712,0,0,0,0,21.51,19.93
05/05/1993,8.32,3.34,7.874,0.8,0,0,0,19.93,19.06
06/05/1993,8.04,3.257,7.381,0,0,0,0,19.06,18.14
07/05/1993,7.74,3.111,7.01,0,0,0,0,18.14,17.15
08/05/1993,7.38,2.975,6.741,0,0,0,0,17.15,16.21
09/05/1993,7.17,2.94,6.371,0,0,0,0,16.21,21.44
10/05/1993,7.89,6.361,8.689,2.4,11.2,20,47.2,21.44,24.91
11/05/1993,8.66,4.979,11.126,0.8,12.8,0,1.6,24.91,21.98
12/05/1993,8.4,3.789,8.803,0,0,0,0,21.98,19.51
13/05/1993,7.95,3.442,10.275,0,27.2,76,115.2,19.51,189.6
14/05/1993,120,40.574,188.751,9.6,145.6,149.6,178.8,189.6,277.1
15/05/1993,155,39.209,72.276,3.2,0,61.6,41.6,277.1,171.9
16/05/1993,73,18.776,68.591,0.8,26.4,90.4,132,171.9,211.8
17/05/1993,107,32.623,102.646,1.6,13.6,32,57.6,211.8,182.9
18/05/1993,81.2,23.83,64.309,0.8,0.8,1.6,1.6,182.9,103
19/05/1993,37.8,11.137,34.209,0.8,0,0,0,103,67.18
20/05/1993,25.5,9.08,29.53,49.6,34.4,48.8,42.4,67.18,92.33
21/05/1993,42.1,13.044,44.007,0.8,0,4,2.4,92.33,74.03
22/05/1993,27.5,9.244,26.427,0,0,0,0,74.03,51.53
23/05/1993,19.6,6.626,19.746,0,0,0,0,51.53,41.04
24/05/1993,16.2,5.411,15.911,0,0,0,0,41.04,34.74
25/05/1993,14.1,4.672,13.704,0,0,0,0,34.74,31.28
26/05/1993,13,4.259,12.549,7.2,4.8,14.4,32.8,31.28,29.67
27/05/1993,12.5,4.113,12.163,2.4,0.8,10.4,2.4,29.67,29.22
28/05/1993,12.2,3.85,12.318,2.4,0,24.8,16,29.22,27.6
29/05/1993,11.5,3.792,11.922,5.6,1.6,28.8,11.2,27.6,28.03
30/05/1993,11.4,4.049,16.532,48,5.6,46,118.4,28.03,123.9
31/05/1993,57.2,9.607,110.011,15.2,0,58.4,137.6,123.9,119.9
01/06/1993,32.1,14.618,48.409,5.6,4,23.2,16,119.9,60.87
02/06/1993,17.4,8.272,28.533,3.2,0,4,8.8,60.87,44.06
03/06/1993,14.5,5.876,21.31,0,1.6,0,0,44.06,35.14
04/06/1993,12.5,4.76,15.941,0.8,0,0.8,0.8,35.14,28.75
05/06/1993,10.8,4.002,12.733,0,0,0,0,28.75,24.44
06/06/1993,9.62,3.507,10.713,0,0,0,0,24.44,21.47
07/06/1993,8.72,3.159,9.44,0,0,0,0.8,21.47,19.92
08/06/1993,8.17,2.993,8.629,0,0,0,0,19.92,18.9
09/06/1993,7.85,2.952,8.028,4,0,25.6,4.8,18.9,18.55
10/06/1993,7.7,3.038,7.799,0,4.8,22,18.4,18.55,19.22
11/06/1993,8.28,3.101,8.481,19.2,18.4,14.4,30.4,19.22,20.78
12/06/1993,8.4,3.364,9.491,0,0,0,0,20.78,20.21
13/06/1993,8.02,3.161,8.933,0,0,0,0,20.21,21.15
14/06/1993,8.85,4.274,9.177,24,32,25.6,24,21.15,22.53
15/06/1993,9.11,3.805,9.542,7.2,4.8,34.4,10.4,22.53,20.07
16/06/1993,8.26,3.192,8.291,0,0,0,0,20.07,18.18
17/06/1993,7.55,2.959,7.873,4.8,6.4,26.4,16.8,18.18,18.48
18/06/1993,7.54,3.386,11.416,17.6,2.4,19.2,48.8,18.48,28.35
19/06/1993,10.9,3.391,15.848,6.4,0.8,11.2,18,28.35,24.66
20/06/1993,8.62,2.846,12.47,0,0,0,0,24.66,19.59
21/06/1993,7.33,2.651,9.312,0,0,0,0,19.59,16.59
22/06/1993,6.66,2.544,7.689,0,2.4,0,0,16.59,16.35
23/06/1993,6.62,3.005,7.691,0.8,5.6,0,0.8,16.35,15.8
24/06/1993,6.38,2.721,6.799,0.8,0,0,0,15.8,14.38
25/06/1993,6.24,2.475,6.364,4.8,19.2,5.6,11.2,14.38,14.31
26/06/1993,6.4,2.58,5.959,0,0,28.8,8.8,14.31,13.53
27/06/1993,5.9,2.406,5.491,0,0,0,0,13.53,12.83
28/06/1993,5.6,2.326,5.181,0,0,0,0,12.83,12.16
29/06/1993,5.3,2.272,4.885,0,0,0,0,12.16,11.7
30/06/1993,5.18,2.228,4.699,0.8,0,0,2.4,11.7,11.16
01/07/1993,5.01,2.202,4.783,0,0,0,3.2,11.16,11.6
02/07/1993,5.14,2.184,5.128,0,0,20,3.2,11.6,11.34
03/07/1993,4.89,2.171,4.578,0.8,0,71.2,10.4,11.34,10.95
04/07/1993,4.79,2.181,4.503,2.4,0,18.4,18.4,10.95,10.5
05/07/1993,4.64,2.13,4.408,0,0,0,0,10.5,10.2
06/07/1993,4.57,2.094,4.471,0,0,0,0,10.2,9.867
07/07/1993,4.23,2.06,4.306,0,0,0,0,9.867,9.656
08/07/1993,4.1,2.13,4.211,28.8,0,47.2,89.6,9.656,13.04
09/07/1993,4.57,2.434,9.089,0,0,22.4,11.2,13.04,14.6
10/07/1993,5.33,2.182,6.895,4.8,0,19.2,17.6,14.6,11.95
11/07/1993,4.5,2.07,5.429,4,0,19.2,21.6,11.95,10.7
12/07/1993,4.27,2.009,4.838,0,0,0,2.4,10.7,10.27
13/07/1993,4.11,1.997,4.644,12,5.6,20,0.8,10.27,10.58
14/07/1993,4.39,2.218,4.709,22.4,24.8,13.6,0,10.58,12.28
15/07/1993,5.07,3.133,5.293,22.4,3.2,24,0,12.28,17.62
16/07/1993,6.81,3.268,12.089,12,18.4,34.4,0,17.62,23.8
17/07/1993,9.18,2.461,11.168,0,0,7.2,0,23.8,17.75
18/07/1993,6.39,2.22,8.352,3.2,2.4,18.4,0,17.75,46.31
19/07/1993,7.54,13.259,43.204,37.6,16,90.4,0,46.31,46.49
20/07/1993,12.2,5.731,21.002,28.8,14,16.8,0,46.49,37.24
21/07/1993,9.01,5.298,23.605,0,0,0,0,37.24,24.29
22/07/1993,6.88,3.273,11.16,0,0,9.6,0,24.29,18.73
23/07/1993,5.57,2.874,18.208,20.8,0,26.4,3.2,18.73,39.61
24/07/1993,13.3,2.928,23.265,1.6,0,0.8,0,39.61,25.53
25/07/1993,7.93,2.659,12.301,4,1.6,46,0,25.53,22.36
26/07/1993,6.6,2.762,14.695,9.6,0,2.4,0,22.36,22.1
27/07/1993,6.69,2.79,13.129,4,1.6,28,0,22.1,23.89
28/07/1993,6.53,2.705,15.087,0,0,0,10.4,23.89,19.53
29/07/1993,5.96,2.569,9.86,2.4,0,10.4,0,19.53,15.53
30/07/1993,5.12,2.389,7.786,0,0,12.8,0,15.53,13.52
31/07/1993,4.8,2.279,6.65,12.8,0,36.8,0,13.52,12.49
01/08/1993,4.44,2.315,6.167,0,0,4,0,12.49,12.45
02/08/1993,4.46,2.663,5.764,3.2,0,18.4,0,12.45,12.56
03/08/1993,4.29,2.412,8.176,11.2,0,34.4,12,12.56,25.11
04/08/1993,9.76,3.006,17.887,4.8,22.4,24.8,13.6,25.11,108
05/08/1993,54.8,26.523,86.657,146.4,165.6,112.8,132.8,108,127.8
06/08/1993,55.1,13.687,34.227,7.2,4.8,2.4,1.6,127.8,48.75
07/08/1993,15.7,4.954,17.907,0.8,1.6,19.2,12,48.75,31.65
08/08/1993,12.1,3.934,16.391,3.2,0.8,14.4,4.8,31.65,33.63
09/08/1993,15.4,4.063,18.675,26.4,47.2,53.6,45.6,33.63,41.23
10/08/1993,16.2,3.774,15.087,0,0,0.8,1.6,41.23,40.14
11/08/1993,17.2,6.017,33.505,45.6,26.4,62.4,72.4,40.14,67.91
12/08/1993,27.5,5.69,28.493,8.8,17.6,14.4,32.8,67.91,44.83
13/08/1993,16,3.9,18.254,0,0,0,0,44.83,30.32
14/08/1993,11.1,3.326,11.973,0,0,0,0,30.32,31.47
15/08/1993,12.4,5.424,15.612,28,34,48,25.6,31.47,33
16/08/1993,12.1,4.125,12.258,0,8,0,0,33,24.38
17/08/1993,9.26,3.332,9.114,0,0,0,0,24.38,20.33
18/08/1993,7.98,3.049,7.763,0,0,0,0,20.33,17.9
19/08/1993,7.04,2.878,6.885,0,0,22.4,4,17.9,15.83
20/08/1993,6.35,2.806,6.334,0,0,5.6,0.8,15.83,14.52
21/08/1993,5.86,2.726,5.953,1.6,0,8,3.2,14.52,13.99
22/08/1993,5.51,3.06,5.614,20.8,0,0,4.8,13.99,13.78
23/08/1993,5.48,2.763,5.499,4,0.8,0,4,13.78,13.29
24/08/1993,5.32,2.598,5.268,0,0,0,0,13.29,12.84
25/08/1993,5.2,2.518,5.085,0,0,0,0,12.84,12.39
26/08/1993,5,2.49,4.947,0,0,0,0,12.39,12.07
27/08/1993,4.82,2.443,4.779,0,0,0,0,12.07,11.58
28/08/1993,4.65,2.421,4.684,0,0,0.8,0,11.58,11.32
29/08/1993,4.53,2.352,4.619,0,0,8,5.6,11.32,10.88
30/08/1993,4.38,2.337,4.428,0,0,0,0,10.88,10.58
31/08/1993,4.28,2.301,4.313,0,0,0,0,10.58,10.48
01/09/1993,4.26,2.29,4.218,0,0,0.8,4,10.48,10.34
02/09/1993,4.12,2.258,4.198,0,0,0,0,10.34,10.25
03/09/1993,4.12,2.264,4.083,4.8,0,0,4.8,10.25,10.04
04/09/1993,4.04,2.238,4.035,0,0,0,0,10.04,9.96
05/09/1993,3.98,2.23,3.994,0,0,0,0,9.96,9.954
06/09/1993,3.96,2.244,3.937,0,0,0,0,9.954,10.01
07/09/1993,3.94,2.218,3.745,3.2,0,0,0,10.01,11.97
08/09/1993,4.84,4.537,12.751,116.4,26.4,95.6,132.8,11.97,58.26
09/09/1993,33.8,7.841,32.701,10.8,11.6,3.2,19.2,58.26,55.08
10/09/1993,20.8,6.692,39.423,18.4,5.6,40.8,118,55.08,61.8
11/09/1993,19.7,4.538,27.108,8,0,24,12.4,61.8,34.91
12/09/1993,12.2,3.333,15.395,5.6,0,7.2,11.2,34.91,129
13/09/1993,75.6,39.174,158.423,225.2,55.6,208.8,196.8,129,317.4
14/09/1993,180,70.723,153.231,103.2,74.4,30.4,22.4,317.4,337.2
15/09/1993,167,80.244,129.352,80,36.8,15.2,16.8,337.2,258.9
16/09/1993,105,51.684,54.93,12,15.2,0,0,258.9,152.9
17/09/1993,50,27.4,34.089,0,0,0,0,152.9,93.07
18/09/1993,28.1,17.744,24.372,0,0,0,0,93.07,62.26
19/09/1993,19.3,13.526,19.05,0,0,0.8,1.6,62.26,49.15
20/09/1993,16.9,10.173,18.333,12.8,10.4,58.4,42.4,49.15,47.41
21/09/1993,16.5,8.911,17.579,0.8,0,5.6,21.6,47.41,38.26
22/09/1993,13.8,5.53,15.168,0,0,8.8,0.8,38.26,32
23/09/1993,12.2,4.919,13.527,0,0,0.8,0,32,31
24/09/1993,11.1,4.474,11.672,0,0,3.2,0,31,29.11
25/09/1993,9.94,4.213,10.309,0,0,0.8,0.8,29.11,25.99
26/09/1993,9.19,3.866,9.28,0,0,0,0,25.99,23.38
27/09/1993,8.61,3.667,8.477,0,0,0,0,23.38,21.42
28/09/1993,8.23,3.612,7.9,0,0,0,0,21.42,20.33
29/09/1993,8.02,4.678,7.656,3.2,0.8,32.8,3.2,20.33,20.44
30/09/1993,8.05,4.071,7.85,23.2,10.4,15.2,21.6,20.44,26.3
01/10/1993,10.8,6.475,12.783,12.8,8.8,37.6,17.6,26.3,82.21
02/10/1993,35.6,18.363,55.999,69.6,38.4,30.4,25.6,82.21,104.4
03/10/1993,44.4,16.297,31.95,0,0,0,0,104.4,68.06
04/10/1993,23,14.144,25.032,6.4,0.8,16,4,68.06,69.72
05/10/1993,25.7,16.141,34.012,46.4,52.8,28.8,20.8,69.72,133.4
06/10/1993,71.4,25.919,56.15,12.8,18.8,12.8,12,133.4,185
07/10/1993,95.4,35.334,82.066,23.6,28.4,20.8,31.2,185,150.4
08/10/1993,68.1,19.787,43.905,1.6,0,0.8,0.8,150.4,90.31
09/10/1993,37.7,13.397,30.387,0,13.6,0,1.6,90.31,71.14
10/10/1993,30.2,11.544,24.317,0.8,0,0.8,2.4,71.14,59.05
11/10/1993,22.4,10.139,19.707,1.6,2.4,4,0,59.05,68.72
12/10/1993,33.9,18.111,27.472,66.4,20.8,20.8,20,68.72,98.35
13/10/1993,52,16.206,31.808,4.8,4.8,0,0,98.35,74.58
14/10/1993,31.4,12.005,22.305,0,5.6,0.8,0.8,74.58,55.06
15/10/1993,22.3,8.785,17.586,0,0,0,0.8,55.06,42.92
16/10/1993,18.1,5.774,14.755,0,0,0,0,42.92,36.39
17/10/1993,15.5,5.3,12.928,0,0,0,0.8,36.39,32.49
18/10/1993,13.9,4.84,11.755,0,0,0.8,0,32.49,30.28
19/10/1993,13,4.654,11.048,0,0,0.8,0.8,30.28,29.3
20/10/1993,12.8,4.666,10.593,4,12,11.2,12.8,29.3,28.16
21/10/1993,13.2,4.369,10.33,0,7.2,0.8,0.8,28.16,27.79
22/10/1993,12.6,4.093,10.061,0,0.8,0,0,27.79,26.08
23/10/1993,11.7,3.945,9.494,0,0,0,0,26.08,24.67
24/10/1993,11,3.797,9.074,0.8,1.6,0.8,0,24.67,23.32
25/10/1993,10.5,3.706,8.629,0,0,0,0,23.32,22.19
26/10/1993,9.99,3.609,8.128,0,0,0,0,22.19,21.05
27/10/1993,9.46,3.545,7.773,0,0,0,0,21.05,20.32
28/10/1993,9.09,3.494,7.548,0,0,0,0,20.32,19.71
29/10/1993,8.76,3.422,7.367,0,0,0,0,19.71,19.23
30/10/1993,8.53,3.34,7.156,0.8,0,0,0,19.23,18.76
31/10/1993,8.43,3.256,7.081,0,0,0,0,18.76,18.53
01/11/1993,8.35,3.313,6.97,0,0,0.8,3.2,18.53,18.36
02/11/1993,8.12,3.332,6.861,0,0,0,0,18.36,18
03/11/1993,8.15,3.276,6.804,2.4,2.4,5.6,4,18,17.7
04/11/1993,8.02,3.238,6.686,0,0,3.2,2.4,17.7,17.8
05/11/1993,8,3.196,6.685,0,0,0,0,17.8,17.5
06/11/1993,7.68,3.166,6.572,0,0,0.8,0.8,17.5,17.15
07/11/1993,7.58,3.167,6.554,0.8,0,1.6,0,17.15,16.48
08/11/1993,7.48,3.127,6.479,0,0,0,0.8,16.48,17.7
09/11/1993,7.91,3.656,6.427,0,7.2,42.4,47.2,17.7,24.88
10/11/1993,10.4,4.046,13.479,0,1.6,0.8,0,24.88,26.69
11/11/1993,10.1,3.594,10.297,0,0,5.6,0,26.69,22.02
12/11/1993,8.54,3.354,8.486,1.6,0,21.6,24.8,22.02,26.34
13/11/1993,10.1,5.04,14.956,23.2,36,56,23.2,26.34,114.9
14/11/1993,66.8,26.437,45.559,21.6,47.2,9.6,8,114.9,97.19
15/11/1993,46.2,9.502,20.641,0,0,0,0,97.19,52.9
16/11/1993,23.5,6.43,13.987,0,0,0,0,52.9,39.39
17/11/1993,16.7,5.404,11.263,0,0,0,0,39.39,36
18/11/1993,13.7,4.877,9.878,0,0,0,0,36,31.05
19/11/1993,11.9,4.551,8.905,0,0,0.8,0,31.05,26
20/11/1993,10.7,4.244,8.018,0,0,2.4,0,26,24.69
21/11/1993,10.5,4.321,7.736,0,8,0.8,0,24.69,24.5
22/11/1993,10.4,4.087,7.576,0,24.8,8.8,0,24.5,24.41
23/11/1993,10.1,4.015,7.184,0,0,1.6,0,24.41,22.32
24/11/1993,9.22,3.792,6.507,0,0,0,0,22.32,21.49
25/11/1993,10.1,3.687,6.68,2.4,0,8.8,10,21.49,26.25
26/11/1993,14.3,3.992,8.502,0,0,1.6,0,26.25,30.47
27/11/1993,13.7,4.059,9.13,0,0,0,0,30.47,29.9
28/11/1993,14.9,4.078,9.084,0,0,0,0,29.9,33.5
29/11/1993,14.2,4.019,8.629,15.2,15.2,0,0,33.5,45.39
30/11/1993,23,7.871,10.325,6.4,9.6,18.4,12.8,45.39,58.28
01/12/1993,28.2,7.263,25.003,1.6,4,20.8,26.4,58.28,99.25
02/12/1993,46,11.152,61.327,2.4,0,76,44,99.25,99.11
03/12/1993,34.7,8.759,44.482,6.4,0,13.6,43.2,99.11,113.5
04/12/1993,58.3,7.413,78.343,14.4,1.6,48,38.4,113.5,95.15
05/12/1993,29.9,6.589,33.954,5.6,0,11.2,4,95.15,52.83
06/12/1993,18.6,6.318,24.056,18.4,0,36.8,43.2,52.83,80.19
07/12/1993,39.5,6.478,48.004,3.2,0,25.6,12.8,80.19,97.34
08/12/1993,38.4,21.854,87.398,38.4,37.6,117.6,87.2,97.34,239
09/12/1993,107,42.234,96.197,4,0,58.4,14.4,239,171.8
10/12/1993,53.8,29.225,81.966,20,6.4,74.4,44.8,171.8,149.2
11/12/1993,40.8,22.121,53.709,4.8,0,40.8,15.2,149.2,101
12/12/1993,33,19.008,37.488,34.4,33.6,0,12.8,101,154.3
13/12/1993,64.8,44.661,62.642,24.8,20,25.2,40.8,154.3,184.5
14/12/1993,68,32.767,50.91,29.6,7.2,0,0,184.5,178.5
15/12/1993,64.7,43.352,93.292,21.6,4.8,84.8,55.2,178.5,219.8
16/12/1993,83.3,45.391,90.506,1.6,0,16.8,1.6,219.8,150.2
17/12/1993,48,25.324,48.84,0,0,19.2,2.4,150.2,179.2
18/12/1993,90.1,26.642,130.569,19.2,0,30.4,64.8,179.2,293.9
19/12/1993,162,61.426,183.842,28.8,4,70.4,84,293.9,265.1
20/12/1993,81.5,42.693,63.704,0,0,0,0,265.1,137.4
21/12/1993,30.1,21.927,37.827,1.6,0,1.6,0,137.4,101.1
22/12/1993,27.7,20.864,52.522,14.4,2.4,36,0,101.1,111.4
23/12/1993,34.8,22.898,47.111,8.8,8,41.6,26.4,111.4,103.9
24/12/1993,36.3,24.125,41.196,0.8,21.6,10.4,2.4,103.9,88.64
25/12/1993,30.2,18.232,29.125,0,2.4,4,1.6,88.64,68.55
26/12/1993,22.2,15.284,23.4,0,4,13.6,0,68.55,57.25
27/12/1993,19.5,10.905,20.288,0,0,2.4,0,57.25,52.94
28/12/1993,20.2,8.21,19.05,10.4,16.8,22.4,11.6,52.94,126.1
29/12/1993,68.1,23.789,80.208,11.2,16,36.8,32,126.1,190.7
30/12/1993,83.7,33.541,68.586,16.8,14.4,67.2,39.2,190.7,143.3
31/12/1993,50.6,23.232,43.233,0,0,3.2,1.6,143.3,91.94
01/01/1994,29.4,14.507,30.518,0.8,1.6,1.6,6.4,91.94,121.6
02/01/1994,50.3,29.793,59.598,23.2,30.4,44,28.8,121.6,203.2
03/01/1994,97.5,41.468,100.103,9.6,50.4,49.6,43.2,203.2,237.4
04/01/1994,110,41.414,65.174,0,0,0.8,1.6,237.4,186.5
05/01/1994,74.7,31.2,44.384,17.6,36.8,43.2,25.6,186.5,163.1
06/01/1994,70.9,27.549,44.114,0,0,2.4,4.8,163.1,127.4
07/01/1994,55.1,19.77,33.786,0,2.4,0,1.6,127.4,98.21
08/01/1994,40.6,14.923,27.197,0,0.8,21.6,6.4,98.21,86.6
09/01/1994,37.4,11.518,39.131,7.2,7.2,32,12.8,86.6,145.3
10/01/1994,79.4,13.828,61.114,0,2.4,0.8,0,145.3,113.6
11/01/1994,47.6,13.94,37.754,5.6,5.6,16.8,11.2,113.6,123
12/01/1994,57.4,20.581,63.906,36,8.8,52,43.2,123,186.3
13/01/1994,101,24.82,84.93,31.2,4.8,9.6,26.4,186.3,188.6
14/01/1994,82.5,30.619,83.596,24.8,0,44,30.4,188.6,157.1
15/01/1994,57.5,24.088,50.788,0.8,7.2,0.8,0,157.1,102.8
16/01/1994,35.8,17.423,34.374,0,7.2,0,0,102.8,80.08
17/01/1994,26.1,15.201,26.039,0,2.4,0,0.8,80.08,75.03
18/01/1994,30.9,13.466,35.411,4,8,36,45.6,75.03,118.3
19/01/1994,52.2,12.411,49.843,0,0,0,0.8,118.3,81.92
20/01/1994,27.8,12.344,31.567,0,0,60,13.6,81.92,71.77
21/01/1994,24.8,11.902,31.704,0,0,16,6.4,71.77,68.35
22/01/1994,23.4,11.536,30.167,3.2,0,20,13.6,68.35,112.7
23/01/1994,42.2,21.786,76.299,19.2,2.4,54.4,48.8,112.7,100.3
24/01/1994,29.6,13.328,35.191,3.2,1.6,35.2,13.6,100.3,111.6
25/01/1994,42.8,24.058,86.144,31.2,5.6,97.6,62.4,111.6,197.5
26/01/1994,56.7,37.762,76.945,33.6,0.8,39.2,37.6,197.5,229.3
27/01/1994,123,40.076,139.745,52,49.6,46.4,44,229.3,242.1
28/01/1994,104,39.931,62.123,0,0,16.8,5.6,242.1,153
29/01/1994,50.2,22.394,62.298,4.8,0,21.2,30.8,153,157.5
30/01/1994,64.1,20.455,66.452,2.4,0,4,11.2,157.5,105.6
31/01/1994,33.6,16.612,38.178,1.6,0,0.8,4,105.6,103.2
01/02/1994,42.5,16.139,70.007,23.2,9.6,48.8,60,103.2,139.6
02/02/1994,52.4,16.892,49.647,0,0,0,0.8,139.6,102.1
03/02/1994,39.8,21.491,37.988,34.4,26.4,1.6,12.8,102.1,144.9
04/02/1994,62.8,31.212,66.144,0,0,0,0,144.9,141.3
05/02/1994,56.3,18.192,49.421,0.8,1.6,2.4,4.8,141.3,99.39
06/02/1994,39,14.761,40.188,0,0.8,13.6,7.2,99.39,89.16
07/02/1994,33.8,14.152,34.465,0,0,0.8,3.2,89.16,70.76
08/02/1994,26,11.725,31.145,8,1.6,36.8,44.8,70.76,84.77
09/02/1994,33.8,10.398,46.325,0,0,1.6,0,84.77,68.28
10/02/1994,23.3,8.594,27.828,0,0,0.8,0,68.28,56.59
11/02/1994,20,7.957,22.52,0,0,0,0,56.59,50.53
12/02/1994,17.9,7.379,19.221,0,0,0,0,50.53,46.39
13/02/1994,16.3,6.914,16.727,0,0,0,0,46.39,41.9
14/02/1994,15,6.558,14.503,0,0,0,0,41.9,39.99
15/02/1994,14.2,6.632,13.431,4,2.4,0,0,39.99,35.09
16/02/1994,13.6,6.132,12.71,8,7.2,12,1.6,35.09,36.73
17/02/1994,13.3,5.431,12.21,0,0,1.6,3.2,36.73,33.65
18/02/1994,13.2,5.674,12.115,0,0,0,0,33.65,31.7
19/02/1994,12.9,5.62,11.807,0,0,0,0,31.7,30.31
20/02/1994,12.3,5.212,11.104,2.4,3.2,0,0,30.31,28.78
21/02/1994,11.9,4.931,10.588,3.2,12,1.6,1.6,28.78,27.88
22/02/1994,11.5,4.716,10.015,1.6,2.4,1.6,1.6,27.88,31.49
23/02/1994,11.2,4.905,9.935,5.6,5.6,0,0,31.49,30.35
24/02/1994,11.2,4.92,9.774,0.8,0,0,5.6,30.35,32.17
25/02/1994,12.3,5.515,10.817,36.8,55.2,0,16,32.17,86.82
26/02/1994,42.6,19.568,24.803,23.2,27.2,64.8,55.2,86.82,193.9
27/02/1994,98,45.156,120.436,5.6,5.6,37.6,32.8,193.9,280.8
28/02/1994,154,44.727,112.924,0.8,0.8,26.4,14.4,280.8,222.5
01/03/1994,96.7,30.933,55.139,0,0,1.6,0,222.5,143.9
02/03/1994,52.2,20.212,39.355,0,4,35.2,13.6,143.9,150.8
03/03/1994,73.4,20.322,87.041,36,10.4,61.6,54.4,150.8,148.8
04/03/1994,56.8,18.642,47.094,1.6,0,4.8,2.4,148.8,111.8
05/03/1994,51.1,15.402,54.277,11.2,3.2,16,24,111.8,103.5
06/03/1994,38.1,13.582,37.476,2.4,0,40.8,0,103.5,116.9
07/03/1994,41,12.716,72.135,0.8,0,52,0,116.9,108.8
08/03/1994,39.3,12.364,82.048,9.6,0,66.4,0,108.8,138.5
09/03/1994,49.8,13.053,56.441,2.4,0,12,7.2,138.5,77.91
10/03/1994,23.6,11.156,31.587,0,0,0,0,77.91,59.87
11/03/1994,24,10.452,30.709,27.2,0,31.2,28.8,59.87,76.8
12/03/1994,28.1,10.685,37.06,14.4,0,60,51.2,76.8,127.8
13/03/1994,53.5,14.595,81.942,14.4,0,20,14.4,127.8,120.9
14/03/1994,35.7,18.046,80.32,8.8,0,35.2,29.6,120.9,120.9
15/03/1994,36.6,16.894,45.986,1.6,0,8,5.6,120.9,70.19
16/03/1994,20.2,12.37,31.951,24.8,12.8,22.4,23.2,70.19,59.56
17/03/1994,18,11.685,27.426,1.6,0,10.4,10.4,59.56,54.1
18/03/1994,17.5,10.999,26.423,2.4,4,32,16.8,54.1,58.46
19/03/1994,19.5,9.544,28.061,1.6,0,0.8,0,58.46,46.14
20/03/1994,16.3,6.052,20.631,0.8,0,0,0.8,46.14,39.57
21/03/1994,14.6,5.639,16.856,0,0,0,0,39.57,46.12
22/03/1994,19.4,5.742,33.555,1.6,0,20,33.6,46.12,110
23/03/1994,64.9,10.533,134.641,66.4,2.4,170.4,129.6,110,259.2
24/03/1994,104,40.361,91.489,0.8,0,0,0.8,259.2,124
25/03/1994,31.6,16.309,48.523,8.8,14.4,52,18.4,124,85.47
26/03/1994,25.3,12.315,32.184,0,0,0,0,85.47,56.22
27/03/1994,17.4,8.845,24.907,8.8,0.8,29.6,46.4,56.22,64.34
28/03/1994,18,9.759,40.083,3.2,0,7.2,7.2,64.34,59.25
29/03/1994,18,8.75,31.576,2.4,0,0,12.8,59.25,50.76
30/03/1994,15.8,8.215,22.773,10.4,6.4,18.4,14.8,50.76,52.42
31/03/1994,20,8.586,33.755,19.2,22.4,83.2,59.2,52.42,139.1
01/04/1994,62.4,14.817,88.458,16,8.8,74.4,32,139.1,102.4
02/04/1994,30.1,12.804,40.041,0.8,0,17.6,3.2,102.4,65.1
03/04/1994,19.7,9.8,33.593,8.8,1.6,54.4,48.8,65.1,98.21
04/04/1994,28.1,14.62,60.8,13.6,0.8,12.8,3.2,98.21,73.44
05/04/1994,22.3,11.306,39.81,10.4,5.6,42.4,34.4,73.44,79.44
06/04/1994,28.5,10.337,38.776,0,0,0,0.8,79.44,72.78
07/04/1994,27,10.301,38.067,22.4,12.8,44.8,35.2,72.78,91.78
08/04/1994,30.4,15.538,65.259,19.2,9.6,68.8,53.6,91.78,123.3
09/04/1994,37.7,21.887,49.23,6.4,0,15.2,17.6,123.3,77.52
10/04/1994,21.2,12.414,35.964,0,1.6,23.2,0,77.52,61.35
11/04/1994,20.2,9.204,28.44,0,0,0.8,0.8,61.35,55.09
12/04/1994,19,11.192,28.682,12.8,16,5.6,6.4,55.09,63.07
13/04/1994,22.8,10.907,26.049,0,0,0,0,63.07,47.63
14/04/1994,16.1,8.821,18.434,0,0,0,0,47.63,39.93
15/04/1994,13.6,8.243,15.381,0.8,0,0.8,0,39.93,35.34
16/04/1994,12.2,7.852,13.84,0.8,0,0,0,35.34,32.17
17/04/1994,11.4,7.447,12.599,0,0,0.8,0.8,32.17,28.26
18/04/1994,10.9,4.437,11.756,0,0,1.6,0,28.26,26.28
19/04/1994,10.6,4.012,11.271,0,0,6.4,0.8,26.28,25.77
20/04/1994,10.5,4.182,10.772,15.2,8,23.2,24,25.77,29.29
21/04/1994,13.2,3.989,14.444,4,5.6,15.2,7.2,29.29,39.38
22/04/1994,18,3.941,26.736,8.8,3.2,13.6,46.4,39.38,73.41
23/04/1994,33.3,6.998,47.024,25.6,16.8,51.2,31.2,73.41,80.79
24/04/1994,34.2,5.951,31.54,0,0,1.6,2.4,80.79,48.35
25/04/1994,17.7,6.015,21.232,10.4,11.2,29.6,20,48.35,49.5
26/04/1994,17.5,6.162,27.069,3.2,0,10.4,6.4,49.5,39.69
27/04/1994,14.2,4.364,17.042,3.2,0,7.2,7.2,39.69,37.65
28/04/1994,17.5,3.975,26.584,4,0,1.6,23.2,37.65,52.87
29/04/1994,22.1,3.699,22.133,0,0,0,0,52.87,34.32
30/04/1994,13.5,3.576,14.123,0,0,0,0,34.32,27.22
01/05/1994,11.1,3.332,11.746,0,0,0,1.6,27.22,24.07
02/05/1994,10.1,3.168,10.43,0.8,0,0,0,24.07,22.46
03/05/1994,9.74,3.128,9.576,2.4,0,3.2,3.2,22.46,21.27
04/05/1994,9.32,3.155,9.129,2.4,0,48,31.2,21.27,24.27
05/05/1994,11.5,3.335,12.947,8,6.4,20.8,15.2,24.27,37.69
06/05/1994,17.3,3.355,22.709,1.6,0,4,1.6,37.69,31.42
07/05/1994,12.1,3.275,12.811,1.6,7.2,5.6,2.4,31.42,24.05
08/05/1994,9.83,3.331,10.536,0,0,0,0,24.05,20.81
09/05/1994,8.82,2.889,9.057,0,0,2.4,0,20.81,18.95
10/05/1994,8.28,2.779,8.162,0,0,0,0,18.95,17.92
11/05/1994,7.91,2.743,7.828,0,0,0,0,17.92,16.88
12/05/1994,7.65,2.696,7.339,0,0,0,0,16.88,16.09
13/05/1994,7.26,2.626,6.945,0,0,0,0,16.09,15.39
14/05/1994,7.1,2.618,6.794,0,0,0,0,15.39,19.78
15/05/1994,8.15,5.672,8.341,28,36,14.4,28,19.78,25.57
16/05/1994,10.5,4.207,11.547,0,0,0.8,1.6,25.57,22.02
17/05/1994,8.58,3.221,9.009,0,0,0,0,22.02,18.69
18/05/1994,7.5,2.86,7.64,0,0,0,0,18.69,16.56
19/05/1994,7.15,2.719,7.116,0,0,0,0,16.56,15.76
20/05/1994,7.15,2.672,6.797,0,0,0,0,15.76,15.64
21/05/1994,6.95,3.092,6.718,8.8,4.8,3.2,0,15.64,26.65
22/05/1994,14.5,6.43,19.822,48.8,35.2,5.6,1.6,26.65,43.22
23/05/1994,18.3,5.352,13.999,0,1.6,0.8,0,43.22,26.34
24/05/1994,10.7,4.06,9.586,0,0,0,0,26.34,20.46
25/05/1994,8.52,3.404,7.901,0,0,0,0,20.46,17.6
26/05/1994,7.56,2.974,6.984,0,0,0,0,17.6,15.84
27/05/1994,6.99,2.753,6.48,0,0,0,0,15.84,15.36
28/05/1994,6.64,2.652,6.125,0,0,0,0,15.36,14.36
29/05/1994,6.31,2.573,5.883,0,0,0,0,14.36,13.71
30/05/1994,6.08,2.51,5.715,0,0,0,0,13.71,13.4
31/05/1994,5.87,2.465,5.511,0,0,0,0,13.4,13.19
01/06/1994,5.73,2.501,5.389,4.8,8,14.4,10.4,13.19,13.48
02/06/1994,5.95,2.728,5.468,0.8,7.2,8.8,1.6,13.48,14.07
03/06/1994,6.17,2.72,5.571,20,8.8,50.4,25.6,14.07,14.91
04/06/1994,7.9,2.614,7.095,6.4,6.4,9.6,0.8,14.91,18.63
05/06/1994,8.78,2.441,7.248,0.8,2.4,1.6,0.8,18.63,15.57
06/06/1994,6.76,2.384,6.137,0,0,16.8,9.6,15.57,13.47
07/06/1994,6.24,2.369,6.333,0,0,0,0,13.47,14.56
08/06/1994,6.26,2.324,6.541,0,0,3.2,2.4,14.56,12.86
09/06/1994,5.58,2.276,5.673,2.4,0,37.6,8,12.86,11.88
10/06/1994,5.33,2.277,5.335,0,0,0,0,11.88,11.64
11/06/1994,5.17,2.254,5.176,0,0,0,0,11.64,11.22
12/06/1994,4.97,2.216,4.938,0,0,0,0,11.22,11.18
13/06/1994,4.85,2.222,4.623,0,0,0,0,11.18,10.71
14/06/1994,4.63,2.091,4.338,0,0,0,0,10.71,10.25
15/06/1994,4.5,2.021,4.25,0,0,0,0,10.25,10.03
16/06/1994,4.46,2.043,4.137,1.6,3.2,6.4,3.2,10.03,10.3
17/06/1994,4.61,2.063,4.097,0,0,0.8,0,10.3,10.18
18/06/1994,4.58,2.045,4.078,1.6,0,6.4,8,10.18,10.37
19/06/1994,4.47,2.052,4.556,1.6,0,65.6,15.2,10.37,13.63
20/06/1994,5.51,2.092,7.568,0,0,5.6,0,13.63,14.19
21/06/1994,5.22,2.189,10.749,9.6,8,57.6,50.4,14.19,26.89
22/06/1994,9.4,2.347,15.905,0,0,6.4,0.8,26.89,18.78
23/06/1994,6.46,2.079,8.003,0,0,4.4,0,18.78,13.75
24/06/1994,5.18,1.996,6.194,8.8,21.6,34.4,13.6,13.75,12.5
25/06/1994,4.99,2.368,5.545,0,0,0,0,12.5,12.76
26/06/1994,5.5,2.076,6.013,0,0,4,16,12.76,12.27
27/06/1994,4.83,1.977,7.071,0,0,6.4,8.8,12.27,15.79
28/06/1994,5.82,1.921,8.486,0,0,0,0,15.79,12.57
29/06/1994,4.69,1.88,5.683,0,0,8,4.8,12.57,10.65
30/06/1994,4.12,1.796,4.77,0,0,0,0.8,10.65,9.882
01/07/1994,3.9,1.794,4.339,0,0,0.8,1.6,9.882,9.498
02/07/1994,3.83,1.827,4.055,0,0,0,0,9.498,9.229
03/07/1994,3.68,1.841,4.011,0,0,0,0,9.229,8.72
04/07/1994,3.67,1.843,4.052,0.8,0,6.4,3.2,8.72,8.905
05/07/1994,3.61,1.813,3.908,0,0,6.4,1.6,8.905,9.239
06/07/1994,3.67,1.957,3.828,10.4,0.8,52.4,9.6,9.239,9.709
07/07/1994,3.75,2.331,3.723,0,0,0,0,9.709,9.33
08/07/1994,3.74,1.983,3.781,0,0,0,0,9.33,8.986
09/07/1994,3.68,1.824,3.71,0,0,0.8,0,8.986,8.419
10/07/1994,3.52,1.753,3.672,0,0,0,4.8,8.419,8.316
11/07/1994,3.47,1.747,3.6,0,0,0.8,6.4,8.316,8.162
12/07/1994,3.39,1.725,3.367,0,3.2,0,0.8,8.162,7.967
13/07/1994,3.48,1.679,3.42,0,0,0,0,7.967,7.735
14/07/1994,3.31,1.662,3.361,0,0.8,0,0.8,7.735,7.645
15/07/1994,3.21,1.669,3.269,0,2.4,2.4,0.8,7.645,7.434
16/07/1994,3.14,1.637,3.137,0,0,0,0,7.434,7.499
17/07/1994,3.07,1.614,3.152,0,0,0,0,7.499,7.124
18/07/1994,3.1,1.648,3.11,0,0,0,0,7.124,6.623
19/07/1994,3.01,1.639,3.076,0,0,0,0,6.623,6.298
20/07/1994,2.96,1.64,3.042,0,0,0,0,6.298,6.342
21/07/1994,2.92,1.641,2.969,1.6,4.8,4,1.6,6.342,6.151
22/07/1994,3,1.662,2.955,0,0,0,0.8,6.151,5.887
23/07/1994,2.91,1.59,2.892,0,0,0,0,5.887,7.603
24/07/1994,3.52,2.792,3.51,20,37.2,54.4,18.4,7.603,11.16
25/07/1994,4.47,3.264,3.554,0,0,0,0,11.16,8.654
26/07/1994,3.64,1.988,3.628,1.6,3.2,12.8,17.6,8.654,9.499
27/07/1994,3.9,2.789,3.572,6.4,19.2,28,16,9.499,8.672
28/07/1994,3.69,2.068,3.326,0,0,0,0,8.672,8.077
29/07/1994,3.32,1.773,3.327,0,0,0,0,8.077,7.809
30/07/1994,3.16,1.721,3.277,6.8,18.4,1.6,10.4,7.809,9.428
31/07/1994,4.3,2.727,4.488,1.6,13.6,0,8,9.428,10.57
01/08/1994,4.24,2.269,4.186,3.2,0.8,0,7.2,10.57,9.686
02/08/1994,3.66,2.308,3.906,0,0,0,1.6,9.686,8.179
03/08/1994,3.26,1.915,3.509,24.4,1.6,0,30.4,8.179,8.73
04/08/1994,3.58,2.193,4.949,13.6,26.4,0,2.4,8.73,14.1
05/08/1994,5.82,2.051,7.355,4,0,5.6,1.6,14.1,11.62
06/08/1994,4.19,1.743,4.862,0,0,0,0,11.62,9.796
07/08/1994,3.69,1.674,4.129,0,0,0,0,9.796,8.954
08/08/1994,3.4,1.754,3.741,0,0,0.8,0.8,8.954,8.478
09/08/1994,3.21,1.695,3.641,0,0,0,0,8.478,8.157
10/08/1994,3.18,1.673,3.509,8.8,1.6,0.8,0,8.157,7.746
11/08/1994,3.26,1.703,3.443,4.8,7.2,1.6,0,7.746,7.646
12/08/1994,3.25,1.676,3.363,0,0,0,0,7.646,7.348
13/08/1994,3.1,1.608,3.309,0,0,0,0,7.348,6.909
14/08/1994,2.97,1.55,3.21,0,0,0,0,6.909,6.758
15/08/1994,2.89,1.543,3.134,0,0,0,0,6.758,6.59
16/08/1994,2.85,1.552,3.091,1.6,0,8,8.8,6.59,7.158
17/08/1994,3.29,1.778,3.264,13.6,17.6,64,24,7.158,9.919
18/08/1994,5.5,1.858,6.151,0,0,1.6,2.4,9.919,12.64
19/08/1994,5.51,1.52,5.258,0,0,7.2,7.2,12.64,9.52
20/08/1994,4.02,1.462,4.228,0,0,0,0,9.52,8.371
21/08/1994,3.53,1.427,3.976,0,0,0,1.6,8.371,7.352
22/08/1994,3.25,1.415,3.644,0,0,0.8,0,7.352,7.159
23/08/1994,3.23,1.654,3.57,10.4,11.2,45.2,31.6,7.159,10.28
24/08/1994,4.53,1.822,7.65,16.8,3.2,44,49.6,10.28,38.58
25/08/1994,13.9,2.361,37.799,9.6,15.2,50.4,19.2,38.58,33.27
26/08/1994,9.97,1.982,14.108,5.6,0.8,29.6,21.6,33.27,18.75
27/08/1994,5.84,1.551,11.513,2.4,0,67.6,13.6,18.75,17.88
28/08/1994,5.66,1.504,12.3,3.2,0,9.6,6.4,17.88,16.12
29/08/1994,4.56,1.53,9.796,0,0,8.8,0.8,16.12,13.02
30/08/1994,4.18,1.475,7.485,20,0,8.8,3.2,13.02,11.92
31/08/1994,4.08,1.855,7.31,14.4,31.2,40.8,19.2,11.92,27.63
01/09/1994,10.5,5.198,22.413,12.8,30.8,4.8,9.6,27.63,29.49
02/09/1994,9.55,2.558,11.551,0,0,0.8,0,29.49,16.21
03/09/1994,5.59,1.856,7.386,4.8,2.4,24.8,11.2,16.21,11.88
04/09/1994,4.58,1.694,5.952,4,0.8,18.4,12,11.88,11.61
05/09/1994,4.67,1.639,7.265,0,0,1.6,1.6,11.61,12.97
06/09/1994,5.28,1.632,6.865,4.8,14.4,35.2,22.4,12.97,14.41
07/09/1994,5.19,1.621,11.96,0.8,1.6,5.6,5.6,14.41,19.49
08/09/1994,6.24,1.962,11.341,8.8,8,12,8.8,19.49,17.45
09/09/1994,6.25,1.797,10.45,12,7.2,44,17.6,17.45,24.22
10/09/1994,12.5,2.287,19.517,20,10.4,38.8,17.6,24.22,41.61
11/09/1994,17.7,3.046,29.774,10.4,1.6,23.2,40,41.61,58.29
12/09/1994,20.2,5.326,43.151,21.6,48,100.4,40,58.29,78.25
13/09/1994,34,5.356,38.014,5.6,2.4,8,8,78.25,47.36
14/09/1994,18.4,2.872,24.869,28.8,20.8,10.4,4,47.36,69.31
15/09/1994,33.6,9.73,45.271,26.4,24.8,53.6,12,69.31,68.41
16/09/1994,28.6,4.817,26.299,0,0.8,0.8,3.2,68.41,34.88
17/09/1994,12.5,2.734,14.59,0,0,0,0,34.88,23.01
18/09/1994,8.88,2.273,10.399,0,0,0,0,23.01,18.87
19/09/1994,7.61,2.322,8.698,6.4,5.6,14.4,6.4,18.87,18.87
20/09/1994,7.43,2.944,8.786,15.2,8.8,16,7.2,18.87,24.02
21/09/1994,11,3.747,13.228,4.8,0,0,0,24.02,26.1
22/09/1994,10.5,2.794,10.289,0,0,0.8,0,26.1,18.27
23/09/1994,7.4,2.372,7.82,0,0,0.8,0,18.27,15.2
24/09/1994,6.49,2.291,7.015,9.6,9.6,20,16,15.2,42.36
25/09/1994,24.2,6.018,37.792,17.6,44.8,43.2,24,42.36,59.44
26/09/1994,22.1,4.324,22.981,0,0,0.8,0,59.44,32.42
27/09/1994,11.5,2.943,13.88,0,0,3.2,0.8,32.42,21.78
28/09/1994,8.71,2.511,10.391,0,0,2.4,0.8,21.78,17.77
29/09/1994,7.3,2.347,8.675,0,0,4,0.8,17.77,15.4
30/09/1994,6.44,2.254,7.601,0,0.8,3.2,0,15.4,15.49
01/10/1994,6.08,2.354,7.052,5.6,4.8,44,16.8,15.49,20.48
02/10/1994,8.47,3.208,21.788,12.8,28,73.2,27.2,20.48,65.22
03/10/1994,32.2,6.524,38.308,11.2,28,11.2,6.4,65.22,55.08
04/10/1994,20.7,4.196,19.728,0,0,0.8,0.8,55.08,31.18
05/10/1994,11.9,2.905,12.489,0,0,0,0,31.18,23.44
06/10/1994,9.5,2.525,9.644,0,0,0,0,23.44,19.71
07/10/1994,7.96,2.441,8.26,0,0,15.2,7.2,19.71,17.59
08/10/1994,7.24,2.371,8.738,0,0,7.2,4,17.59,17.71
09/10/1994,6.98,2.349,8.873,0,0,0.8,0,17.71,15.38
10/10/1994,6.32,2.252,7.441,0,0,0.8,0,15.38,14.3
11/10/1994,5.89,2.555,6.705,0,0,0.8,0.8,14.3,13.35
12/10/1994,5.55,2.62,6.109,0,0,0,0.8,13.35,12.78
13/10/1994,5.26,2.601,5.821,0,0,0.8,0,12.78,12.13
14/10/1994,5.1,2.59,5.547,0,0,0,0,12.13,11.81
15/10/1994,4.97,2.572,5.363,1.6,3.2,1.6,3.2,11.81,11.44
16/10/1994,4.91,2.536,5.369,4,4.8,4,4,11.44,11.74
17/10/1994,5.09,2.519,5.651,0,0,0,0,11.74,11.67
18/10/1994,4.9,2.481,5.518,0,0,0,0,11.67,12.37
19/10/1994,5.06,2.57,5.584,8.8,13.6,6.4,10.4,12.37,20.34
20/10/1994,9.96,4.029,10.722,30.4,33.6,20,9.6,20.34,38.84
21/10/1994,18.2,4.251,16.385,8.8,0.8,16.8,4,38.84,41.47
22/10/1994,17.5,4.678,28.091,16,27.2,54.4,16.8,41.47,100.9
23/10/1994,67.4,13.076,59.856,22.4,25.6,87.2,26.4,100.9,82.47
24/10/1994,38.2,6.417,29.314,0,0,27.2,8,82.47,57.03
25/10/1994,19.7,10.759,27.898,14.4,28.8,67.2,28.8,57.03,63.62
26/10/1994,21,10.935,34.524,0,0,6.4,5.6,63.62,50.23
27/10/1994,16,7.678,24.169,0.8,0,40,26.4,50.23,40.8
28/10/1994,12.9,5.261,21.284,2.4,0,29.6,7.2,40.8,33.32
29/10/1994,11.3,4.666,16.059,0,1.6,6.4,3.2,33.32,30.45
30/10/1994,10.7,6.149,14.753,14.4,7.2,29.6,12.8,30.45,55.25
31/10/1994,23.6,10.345,43.478,12.8,0,55.6,31.6,55.25,82.34
01/11/1994,24.7,14.279,38.611,0.8,0,5.6,0.8,82.34,52.2
02/11/1994,14.1,12.391,19.446,0,0,0,0,52.2,43.76
03/11/1994,13.4,13.091,24.243,16,28,40.8,28,43.76,63.13
04/11/1994,23.5,11.821,29.837,1.6,12.8,4,0.8,63.13,108.2
05/11/1994,50.4,31.41,55.709,20,48.8,56.8,30.4,108.2,108.4
06/11/1994,45,16.918,33.342,0,0,0,0,108.4,62.52
07/11/1994,21.3,10.701,21.671,0,0,6.4,0,62.52,45.96
08/11/1994,16.1,8.93,17.115,7.2,0.8,41.6,8,45.96,56.48
09/11/1994,17.8,15.705,35.339,15.2,4,51.2,16,56.48,79.89
10/11/1994,24.7,20.247,35.247,2.4,0,3.2,6.4,79.89,65.09
11/11/1994,20.3,14.248,25.904,2.4,0,4,3.2,65.09,66.21
12/11/1994,25.7,19.017,43.93,24.8,29.6,67.2,25.6,66.21,129.3
13/11/1994,63.4,21.638,86.322,20.8,2.4,100.8,99.2,129.3,229.8
14/11/1994,107,36.505,134.357,27.2,4,76.8,55.2,229.8,196.1
15/11/1994,79.4,34.49,81.599,20,0.8,24.8,20,196.1,138.5
16/11/1994,43.7,21.929,51.652,6.4,1.6,15.2,19.2,138.5,90.63
17/11/1994,28.2,17.979,40.499,12.8,0,45.6,20.8,90.63,87.73
18/11/1994,30.1,17.624,42.889,18.4,31.2,30.4,14.4,87.73,129.9
19/11/1994,59.9,25.744,75.818,12.8,0.8,32.8,21.6,129.9,162.6
20/11/1994,66.3,37.629,65.734,7.2,15.2,57.6,19.2,162.6,126
21/11/1994,44.3,23.692,37.812,0,0,0,0,126,79.39
22/11/1994,24.7,16.419,27.124,0,0,0.8,2.4,79.39,58.4
23/11/1994,19.8,11.017,22.29,3.2,0,2.4,2.4,58.4,49.85
24/11/1994,17.5,9.139,19.495,0,0,1.6,0.8,49.85,44.41
25/11/1994,15.8,8.322,17.002,0,0,4.8,0,44.41,39.81
26/11/1994,14.2,7.896,15.17,0,0,21.6,0.8,39.81,36.81
27/11/1994,13.1,7.036,13.947,0,0,0.8,0,36.81,32.22
28/11/1994,12,5.187,12.636,0,0,0,0,32.22,29.67
29/11/1994,11.2,4.883,11.576,0,0,0.8,0,29.67,27.54
30/11/1994,10.6,4.718,10.662,0,0,0,0,27.54,26.45
01/12/1994,10.1,4.546,10.088,0,0,0.8,0,26.45,24.38
02/12/1994,9.71,4.474,9.585,0,0,0.8,0,24.38,23.95
03/12/1994,10.6,5.906,16.159,23.2,14.4,16,31.2,23.95,90.54
04/12/1994,49,20.436,63.809,26.4,44.8,69.6,35.2,90.54,151.7
05/12/1994,70.4,19.581,61.497,10.4,16.8,36.8,15.2,151.7,137.3
06/12/1994,60.2,16.046,55.209,1.6,0,22.4,5.6,137.3,140.4
07/12/1994,63.3,18.538,78.054,14.4,26,32,24,140.4,177.8
08/12/1994,86,23.046,101.157,18.4,28,51.2,36,177.8,156.3
09/12/1994,62.9,19.19,49.472,4.8,0,0,6.4,156.3,131.1
10/12/1994,45.5,26.018,88.908,11.2,7.2,76.8,57.6,131.1,173.5
11/12/1994,72.6,29.088,86.027,16.8,0,4.8,31.2,173.5,196.3
12/12/1994,94,23.219,101.679,3.2,0,38.4,21.6,196.3,156.1
13/12/1994,59.9,25.873,67.635,18.4,46.4,38.4,21.6,156.1,152.1
14/12/1994,66.3,25.184,48.397,0,0,0,0,152.1,98.55
15/12/1994,35.7,17.524,33.042,0.8,0,12,7.2,98.55,82.78
16/12/1994,30.9,15.662,35.514,0,0,2.4,0.8,82.78,73.66
17/12/1994,24.5,14.707,39.213,16.8,14.4,41.2,50.4,73.66,136
18/12/1994,57.6,19.291,73.749,23.2,8,17.6,20.8,136,122
19/12/1994,46.7,20.163,51.448,1.6,1.6,8,3.2,122,87.13
20/12/1994,30.3,13.131,32.982,0,0,0,0,87.13,63.21
21/12/1994,21.6,10.915,24.583,0,0,0,0,63.21,51.71
22/12/1994,17.9,9.445,19.74,0,0,0.8,0,51.71,44.81
23/12/1994,15.8,8.7,16.759,0,0,0,0,44.81,41.37
24/12/1994,15.4,8.314,16.06,0,0,10.4,6.4,41.37,49.17
25/12/1994,19,8.886,24.328,4.8,0.8,27.2,18.4,49.17,71.25
26/12/1994,27,11.607,59.032,40,16.8,66.4,55.2,71.25,154.4
27/12/1994,66.7,24.381,67.548,13.6,27.2,47.2,25.6,154.4,212.5
28/12/1994,103,44.518,163.687,51.2,17.2,130.8,139.2,212.5,319.1
29/12/1994,185,60.852,189.719,8,6.4,17.6,5.6,319.1,309.1
30/12/1994,142,57.851,105.235,8,0,0,0,309.1,254.1
31/12/1994,103,47.382,84.536,6.4,0,0,0,254.1,181.2
01/01/1995,61.6,27.863,44.166,0.8,0,4,1.6,181.2,111
02/01/1995,34.8,17.793,30.166,0,0,2.4,0,111,75.25
03/01/1995,23.9,15.098,24.699,0,0,0,0,75.25,63.81
04/01/1995,20.7,14.125,22.218,4,0.8,28.8,6.4,63.81,109.1
05/01/1995,44.3,20.454,81.723,7.2,17.6,72,38.4,109.1,153.9
06/01/1995,62.6,20.069,57.871,0,0,0,0,153.9,97.96
07/01/1995,32.7,16.653,34.943,0,0,32,4,97.96,90.79
08/01/1995,34.2,15.992,43.259,4.8,0,19.2,12,90.79,86.84
09/01/1995,29,15.043,47.679,6.4,0,68,36.8,86.84,106
10/01/1995,34,16.006,65.539,23.2,34.4,77.6,39.2,106,138.4
11/01/1995,62.9,17.34,53.079,0,0,0,0,138.4,83.9
12/01/1995,29.5,11.257,28.897,0,0,0,3.2,83.9,60.6
13/01/1995,21.9,10.324,23.573,0,0,31.2,8.8,60.6,59.33
14/01/1995,21.1,11.263,27.995,4,0,12,16.8,59.33,70.24
15/01/1995,24.9,11.462,33.226,0,0,4,9.6,70.24,63.19
16/01/1995,22.5,10.145,26.411,6.4,12,12,17.6,63.19,71.23
17/01/1995,33,12.42,40.975,24.8,33.6,40,13.6,71.23,127.5
18/01/1995,64.9,16.102,46.245,2.4,0,0.8,1.6,127.5,91.41
19/01/1995,39.1,13.401,34.803,24,17.6,12,12.8,91.41,108.3
20/01/1995,49,16.434,46.507,19.2,13.6,17.6,16.8,108.3,125.2
21/01/1995,58.9,19.562,81.688,50.4,35.2,52.8,40.8,125.2,203.6
22/01/1995,103,31.913,74.698,2.4,5.6,13.6,17.6,203.6,159.7
23/01/1995,64.5,24.87,70.267,24.8,1.6,45.6,27.2,159.7,151.9
24/01/1995,60,22.313,60.923,1.6,0,12,4.8,151.9,112
25/01/1995,41.8,18.541,42.446,18.4,31.2,0,6.4,112,119.4
26/01/1995,60.1,22.307,34.981,19.2,45.6,19.2,15.2,119.4,114.3
27/01/1995,50.6,18.782,29.414,24.8,24,0,38.4,114.3,182.4
28/01/1995,88.6,48.075,142.403,13.6,0,38.8,26.4,182.4,319.6
29/01/1995,162,71.24,127.178,6.4,0,26.4,4,319.6,261.9
30/01/1995,97.8,51.513,62.924,0,0,0,0,261.9,272.8
31/01/1995,139,66.902,301.598,121.6,36.8,252,268.8,272.8,448.1
01/02/1995,220,74.032,374.061,3.2,0,3.2,5.6,448.1,362.3
02/02/1995,171,54,78.921,0,0,0,0.8,362.3,266
03/02/1995,103,38.669,66.926,6.4,0,8.8,17.6,266,220.7
04/02/1995,75.5,29.596,48.786,0,0,0.8,0.8,220.7,160.6
05/02/1995,46.3,21.118,38.242,0,0,2.4,2.4,160.6,107.3
06/02/1995,36.5,16.885,34.73,0,0,4.8,0.8,107.3,85.22
07/02/1995,29.8,15.549,31.031,4,9.6,27.2,10.4,85.22,89.57
08/02/1995,31.1,16.807,35.052,2.4,2.4,1.6,8,89.57,76.91
09/02/1995,26.4,11.958,27.855,0,0,0,0.8,76.91,79.76
10/02/1995,31.2,15.078,29.432,12.8,22.4,0,8,79.76,265.2
12/02/1995,136,41.906,110.532,18.4,0,36.8,34.4,265.2,222.3
13/02/1995,91.3,32.943,95.978,7.2,15.2,55.2,16.8,222.3,182.6
14/02/1995,71.3,25.78,67.655,12.8,5.6,18.4,25.6,182.6,168.2
15/02/1995,79.4,22.549,80.029,43.2,16,30.4,16.8,168.2,203.7
16/02/1995,103,33.316,97.254,12.8,7.2,43.2,28,203.7,210.3
17/02/1995,78.7,44.949,76.537,8.8,0,64.8,19.2,210.3,156.8
18/02/1995,50.5,27.788,61.675,24,0,80.8,57.6,156.8,191.2
19/02/1995,83.5,29.257,102.524,8,0.8,22.4,12,191.2,154.7
20/02/1995,56.5,24.649,68.903,24.8,0.8,36,32.8,154.7,159.1
21/02/1995,67.9,22.38,69.517,5.6,0,20.8,16.8,159.1,190.7
22/02/1995,96.9,40.162,167.891,87.2,37.6,117.6,93.6,190.7,308.4
23/02/1995,163,55.177,114.742,13.6,1.6,17.6,8.8,308.4,226
24/02/1995,80.9,33.247,63.25,0,0,4.8,3.2,226,139.2
25/02/1995,45.3,19.526,45.053,0,0,1.6,0,139.2,93.19
26/02/1995,32.3,14.771,34.856,0,0,0,0,93.19,74.32
27/02/1995,26.9,11.594,34.703,2.4,0,50.4,8.8,74.32,121.7
02/03/1995,38.9,16.877,45.939,2.4,0,16.8,14.4,121.7,85.82
03/03/1995,26.5,14.87,34.535,0,0,19.2,1.6,85.82,70.17
04/03/1995,22.2,12.712,28.873,14.4,5.6,4,8,70.17,80.91
05/03/1995,25.8,18.214,48.114,16,1.6,18.8,21.6,80.91,99.76
06/03/1995,33.8,15.475,42.808,0.8,0,8.8,0.8,99.76,74.98
07/03/1995,24.2,12.364,32.928,6.4,6.4,13.6,6.4,74.98,65.88
08/03/1995,22,12.137,28.63,4.8,4,23.2,17.6,65.88,61.27
09/03/1995,20.9,11.628,26.756,1.6,0,9.6,4,61.27,71.17
10/03/1995,24.9,10.343,47.875,0,0,0,0,71.17,116.1
11/03/1995,52,8.592,76.35,7.2,14.4,42.4,16.8,116.1,111.3
12/03/1995,42.4,10.984,43.54,0,0,0,0,111.3,71.55
13/03/1995,24.7,9.068,31.562,0,0,0,0,71.55,62.09
14/03/1995,23.8,7.735,30.717,4,7.2,11.2,1.6,62.09,58.38
15/03/1995,21.6,7.839,25.613,0.8,0,8.8,7.2,58.38,49.53
16/03/1995,17.8,7.568,21.168,11.2,0,26.4,14.4,49.53,61.78
17/03/1995,29.2,9.942,38.995,31.2,24.8,38.4,28.8,61.78,93.22
18/03/1995,35.8,14.662,46.101,15.2,0,11.2,6.4,93.22,80.6
19/03/1995,32.4,10.112,33.854,0,0,12,0,80.6,57.9
20/03/1995,21.4,7.47,24.745,0,0,0,0,57.9,46.13
21/03/1995,17.4,6.085,19.97,0,0,0,0,46.13,40.86
22/03/1995,15.9,5.616,17.454,0,0,0,0,40.86,40.86
23/03/1995,18.3,4.928,17.958,0,0,0.8,0.8,40.86,40.43
24/03/1995,17.1,4.95,17.211,13.6,0,42.4,30.4,40.43,64.58
25/03/1995,24.6,5.873,43.225,18.4,0.8,46.4,22.4,64.58,62.84
26/03/1995,22.7,5.978,43.716,26.4,18.4,108,64,62.84,102.4
27/03/1995,41.9,8.933,56.009,1.6,4,2.4,2.4,102.4,64.95
28/03/1995,21.6,7.211,27.074,16,23.2,29.6,8,64.95,50.25
29/03/1995,19.4,6.453,20.712,0,0,0.8,0,50.25,52.39
30/03/1995,24.8,7.497,26.17,11.2,15.2,12,4.8,52.39,76.74
31/03/1995,38,8.789,33.019,3.2,0,96,12.8,76.74,62.72
01/04/1995,23.1,7.269,29.332,0,0,29.6,4.8,62.72,49.5
02/04/1995,18.5,6.176,21.34,0,0,0,0,49.5,40.47
03/04/1995,15.9,5.44,16.643,0,0,3.2,0.8,40.47,35.43
04/04/1995,14.2,4.751,14.222,2.4,7.2,4.8,11.2,35.43,31.7
05/04/1995,13.2,4.352,12.948,0,0,2.4,2.4,31.7,29.57
06/04/1995,12.3,4.027,12.2,0,0,0.8,0,29.57,27.77
07/04/1995,11.6,3.947,11.433,0,0,1.6,0,27.77,25.67
08/04/1995,10.7,3.744,10.318,0,0,0,0,25.67,24.25
09/04/1995,10.4,3.607,9.852,0.8,2.4,0.8,2.4,24.25,23.77
10/04/1995,10.2,3.598,9.415,0,0,0.8,0,23.77,22.66
11/04/1995,9.7,3.495,9.01,0,0,0,0,22.66,21.52
12/04/1995,9.17,3.372,8.447,0,0,0,0,21.52,19.85
13/04/1995,8.75,3.171,8.095,0,0,0,0,19.85,19.57
14/04/1995,8.58,3.447,7.789,0,0,0,0,19.57,19.38
15/04/1995,8.45,3.479,7.571,0,0,0,0.8,19.38,18.88
16/04/1995,8.33,3.437,7.4,0,0,0,0,18.88,18.71
17/04/1995,8.32,3.468,7.337,9.6,2.4,63.2,16.8,18.71,19.71
18/04/1995,8.79,3.78,7.792,11.2,12.8,8,7.2,19.71,19.71
19/04/1995,8.75,3.467,8.093,0,1.6,17.6,11.2,19.71,19.44
20/04/1995,8.66,3.482,7.416,0,17.2,2.4,1.6,19.44,19.19
21/04/1995,8.47,3.317,7.303,0,0.8,7.2,3.2,19.19,19.12
22/04/1995,8.29,4.039,8.178,49.6,18.4,27.2,16,19.12,32.45
23/04/1995,17.7,4.668,15.9,0,0,0,0,32.45,33.44
24/04/1995,15.3,3.572,11.195,8.8,14.4,10.4,6.4,33.44,27.08
25/04/1995,12.9,3.315,9.547,0,0,0,0,27.08,22.33
26/04/1995,10.2,3.063,8.038,0,0,0,0,22.33,19.38
27/04/1995,8.94,2.962,7.129,0,0,0,0,19.38,17.92
28/04/1995,8.26,2.907,6.654,0,0,0,0,17.92,16.98
29/04/1995,7.83,2.857,6.213,0,0,0,0,16.98,16.26
30/04/1995,7.57,2.812,6.036,0,0,0,0,16.26,15.72
01/05/1995,7.37,2.786,5.854,0,0,0,4,15.72,14.89
02/05/1995,7.15,2.583,5.711,0,0,0,0,14.89,13.56
03/05/1995,6.93,2.433,5.495,0,0,4,0,13.56,12.56
04/05/1995,6.73,2.441,5.348,0,0,0,0,12.56,11.91
05/05/1995,6.56,2.384,5.003,0,0,0,0,11.91,11.54
06/05/1995,6.69,2.361,4.787,0,0,0,0,11.54,11.73
07/05/1995,6.6,2.329,4.733,0,0,0,0,11.73,12.3
08/05/1995,6.46,2.308,4.694,11.2,7.2,0,4.8,12.3,12.14
09/05/1995,6.4,2.301,4.597,0.8,2.4,0,0,12.14,12.12
10/05/1995,6.47,2.276,4.547,4,6.4,0,0,12.12,12.01
11/05/1995,6.39,2.278,4.424,0,1.6,0,0,12.01,11.82
12/05/1995,6.28,2.28,4.394,0,0,0,0,11.82,11.5
13/05/1995,6.14,2.214,4.374,0,0,0.8,0,11.5,11.2
14/05/1995,6.02,2.198,4.38,8,4,37.6,4,11.2,11.47
15/05/1995,6.02,2.249,4.385,0,0,0,0.8,11.47,12.04
16/05/1995,6.15,2.334,4.727,15.2,8.8,28,17.6,12.04,14.42
17/05/1995,7.59,3.708,5.488,13.6,18.4,22.4,13.6,14.42,14.61
18/05/1995,7.65,2.72,5.471,2.4,0,12,12.8,14.61,13.72
19/05/1995,7.51,2.405,5.433,1.6,0,0.8,0,13.72,13.68
20/05/1995,7.38,2.32,5.403,0,0,6.4,3.2,13.68,12.64
21/05/1995,6.36,2.276,4.989,0,0,0,0,12.64,12.27
22/05/1995,6,2.219,4.692,0,0,1.6,0.8,12.27,11.81
23/05/1995,5.79,2.177,4.634,0,0,0,0,11.81,12.16
24/05/1995,6.07,2.666,5.406,17.6,23.2,37.6,25.6,12.16,17.4
25/05/1995,9.55,3.717,6.442,0.8,4.8,0,0.8,17.4,17.25
26/05/1995,8.81,2.495,5.97,0.8,0,13.6,1.6,17.25,14.84
27/05/1995,7.17,2.533,5.552,16,6.4,47.2,27.2,14.84,16.49
28/05/1995,7.82,3.028,8.649,3.2,28.4,25.6,13.6,16.49,21.29
29/05/1995,9.57,2.443,9.998,14.4,6.4,35.2,10.4,21.29,18.77
30/05/1995,7.71,2.414,9.041,0,0,0,3.2,18.77,17.06
31/05/1995,7.15,2.228,7.554,0,0,0,0,17.06,14.69
01/06/1995,6.39,2.109,6.24,0,2.4,6.4,4,14.69,13.33
02/06/1995,5.96,2.032,5.587,1.6,4.8,0.8,1.6,13.33,12.12
03/06/1995,5.92,2.241,5.576,4.8,4,38.4,19.2,12.12,12.06
04/06/1995,6.19,2.187,5.515,9.6,23.2,7.2,5.6,12.06,14.73
05/06/1995,6.11,2.044,7.426,0,0,4,0,14.73,13.59
06/06/1995,5.68,1.995,6.128,1.6,0.8,8,3.2,13.59,12.16
07/06/1995,5.45,1.956,5.36,6.4,6.4,2.4,0,12.16,11.54
08/06/1995,5.38,1.979,5.043,0.8,0,0,0,11.54,10.68
09/06/1995,5.07,1.874,4.548,0,0,0,0,10.68,10.16
10/06/1995,4.94,1.865,4.402,1.6,0.8,0.8,0,10.16,10.48
11/06/1995,5.09,2.045,4.419,1.6,4.8,0,0,10.48,10.31
12/06/1995,5.08,1.914,4.263,4,3.2,0,0.8,10.31,10.09
13/06/1995,4.9,1.842,4.247,0,0.8,0,0,10.09,9.709
14/06/1995,4.7,1.82,4.109,0,0,0.8,0,9.709,9.328
15/06/1995,4.42,1.786,3.991,0,0,0,0,9.328,8.953
16/06/1995,4.35,1.78,3.88,3.2,8,4.8,3.2,8.953,9.006
17/06/1995,4.41,1.801,3.899,1.6,3.2,25.6,12,9.006,8.962
18/06/1995,4.63,1.79,3.858,0,0,0,0,8.962,8.938
19/06/1995,4.45,1.762,4.028,2.4,0,18.4,22.4,8.938,8.594
20/06/1995,4.25,1.71,4.839,0.8,0,4.8,9.6,8.594,12.8
21/06/1995,5.19,1.67,8.061,0,0,0,0,12.8,11.43
22/06/1995,4.89,1.597,5.474,0,0,0,0,11.43,9.522
23/06/1995,4.27,1.595,4.403,0,0,0,0,9.522,8.454
24/06/1995,3.99,1.617,3.947,0,0,0,0,8.454,8.221
25/06/1995,3.97,1.636,3.879,0,0,0,0,8.221,8.236
26/06/1995,4.1,1.643,3.711,0,0,0,0,8.236,7.895
27/06/1995,3.86,1.569,3.548,0,0,0,0,7.895,7.297
28/06/1995,3.62,1.555,3.453,0,0,0,0,7.297,6.596
29/06/1995,3.48,1.55,3.28,0,0,0,0,6.596,6.59
30/06/1995,3.39,1.458,3.093,0,0,0,0,6.59,6.517
01/07/1995,3.32,1.305,3.032,0,0,0,0,6.517,6.622
02/07/1995,3.38,1.315,3.055,0,0,0,0,6.622,6.516
03/07/1995,3.4,1.338,3.043,0,0,4.8,0,6.516,6.486
04/07/1995,3.45,1.32,3.076,0,0,5.6,0,6.486,6.481
05/07/1995,3.41,1.317,3.053,0,0.8,0,0,6.481,6.434
06/07/1995,3.6,1.341,3.074,0,0,2.4,4.8,6.434,6.253
07/07/1995,3.45,1.337,3.07,3.2,0,12,12,6.253,6.155
08/07/1995,3.58,1.302,3.653,0,0,0,0,6.155,8.088
09/07/1995,4.19,1.254,4.302,0,0,0,0,8.088,7.286
10/07/1995,3.62,1.247,3.565,0,0,0,0,7.286,6.438
11/07/1995,3.48,1.29,3.375,3.2,15.2,0,0,6.438,6.496
12/07/1995,3.53,1.443,3.257,0,0,0,0,6.496,6.782
13/07/1995,3.83,1.4,3.82,0,13.6,0,0,6.782,8.683
14/07/1995,5.01,1.472,3.854,1.6,10.8,0,0,8.683,8.091
15/07/1995,4.02,1.55,3.424,0.8,3.2,0,0.8,8.091,7.021
16/07/1995,3.71,1.365,3.231,0,0,0,0.8,7.021,6.687
17/07/1995,3.69,1.465,3.178,15.2,17.6,11.2,0.8,6.687,7.742
18/07/1995,3.9,1.559,4.703,2.4,0.8,76,0.8,7.742,9.991
19/07/1995,3.79,1.384,7.386,0,0,4.8,0.8,9.991,9.033
20/07/1995,3.83,1.265,5.141,0.8,0,0.8,1.6,9.033,7.94
21/07/1995,3.78,1.467,4.092,2.4,5.6,13.6,4.8,7.94,7.088
22/07/1995,3.4,1.28,3.569,0,0,0,0,7.088,6.707
23/07/1995,3.31,1.194,3.558,1.6,0,8,4,6.707,6.377
24/07/1995,3.3,1.214,3.365,0,0,4,0,6.377,5.951
25/07/1995,3.2,1.203,3.184,0,0,0,0,5.951,5.619
26/07/1995,3.16,1.204,3.087,0.8,1.6,0,0,5.619,5.541
27/07/1995,3.13,1.185,2.992,0,0,0,0,5.541,5.406
28/07/1995,3.06,1.156,2.864,0,0,0,0,5.406,5.287
29/07/1995,2.78,1.143,2.722,0,0,0,0,5.287,5.201
30/07/1995,2.66,1.117,2.588,0,0,8.8,9.6,5.201,5.046
31/07/1995,2.55,1.117,2.96,0,0,0,0.8,5.046,5.491
01/08/1995,2.66,1.101,3.038,0,0,0,0,5.491,5.234
02/08/1995,2.62,1.096,2.808,0,0,0,0,5.234,4.814
03/08/1995,2.43,1.068,2.537,0,0,4,0,4.814,4.433
04/08/1995,2.43,1.058,2.402,0,0,0,0,4.433,4.578
05/08/1995,2.43,1.075,2.386,0,0,0,0,4.578,4.605
06/08/1995,2.45,1.097,2.355,0,0,0,0,4.605,4.596
07/08/1995,2.51,1.073,2.309,0,0,0,0,4.596,4.696
08/08/1995,2.4,1.077,2.293,0,0,0,0,4.696,4.581
09/08/1995,2.36,1.072,2.299,0,0,0,0,4.581,4.259
10/08/1995,2.34,1.084,2.252,0,0,0,0,4.259,4.145
11/08/1995,2.37,1.087,2.185,0,0,0,0,4.145,4.151
12/08/1995,2.5,1.102,2.27,3.2,8.8,43.2,6.4,4.151,4.447
13/08/1995,2.59,1.115,2.229,0,0,0,0,4.447,4.381
14/08/1995,2.51,1.072,2.211,0,0,0,0,4.381,4.202
15/08/1995,2.44,1.055,2.164,0,0,0,0,4.202,4.075
16/08/1995,2.41,1.037,2.157,0,0,0.8,0,4.075,3.858
17/08/1995,2.37,1.043,2.121,0,0,0,0,3.858,4.121
18/08/1995,2.34,1.032,2.104,0,0,0,0,4.121,4.175
19/08/1995,2.35,1.036,2.125,0,0,0,0,4.175,4.011
20/08/1995,2.39,1.018,2.167,0,0,0,0,4.011,3.965
21/08/1995,2.27,1.016,2.092,0,0,0,0,3.965,4.138
22/08/1995,2.13,1.004,2.044,0,0,0,0,4.138,3.694
23/08/1995,2.08,1.038,2.021,2.4,0,2.4,2.4,3.694,3.757
24/08/1995,2.06,1.002,1.996,0.8,0,29.6,7.2,3.757,3.748
25/08/1995,2.11,1.015,1.954,0.8,0.8,0,0.8,3.748,4.245
26/08/1995,2.17,1.06,2.098,1.6,0.8,11.2,3.2,4.245,4.55
27/08/1995,2.38,1.102,2.109,0,0,8,5.6,4.55,4.548
28/08/1995,2.23,1.06,2.112,0,0,0,0,4.548,4.429
29/08/1995,2.19,1.037,2.197,0.8,0,4.8,4,4.429,4.621
30/08/1995,2.24,1.041,2.255,0,0,0,0,4.621,4.633
31/08/1995,2.26,1.099,2.287,0,0,0,0,4.633,4.687
01/09/1995,2.27,1.105,2.31,0.8,0,0.8,0,4.687,4.772
02/09/1995,2.4,1.176,2.3,0,11.2,16.8,4,4.772,4.936
03/09/1995,2.55,1.156,2.308,17.6,25.6,12.8,7.2,4.936,5.218
04/09/1995,2.88,1.165,2.447,0,0,4.8,0,5.218,5.341
05/09/1995,2.72,1.14,2.409,0.8,0,0,2.4,5.341,5.253
06/09/1995,2.66,1.142,2.377,4.8,3.2,3.2,0.8,5.253,8.918
07/09/1995,5.09,3.535,3.645,35.2,71.2,47.2,24.8,8.918,22.79
08/09/1995,9.26,9.589,5.906,4.8,24.8,0.8,1.6,22.79,20.01
09/09/1995,7.62,3.833,5.586,0,52.8,0,0,20.01,11.31
10/09/1995,5.51,1.91,3.879,28,10,46.4,25.6,11.31,15.12
11/09/1995,8.24,3.868,4.582,5.6,69.6,5.6,27.2,15.12,18.72
12/09/1995,8.44,2.334,6.838,5.6,0,1.6,0.8,18.72,14.16
13/09/1995,5.69,1.906,5.137,0,0,7.2,0,14.16,10.98
14/09/1995,4.82,1.644,4.149,0,0,0,0,10.98,9.331
15/09/1995,4.18,1.483,3.766,0,0,0,0,9.331,8.33
16/09/1995,3.73,1.379,3.409,0,0,0,0,8.33,7.606
17/09/1995,3.6,1.324,3.219,2.4,9.6,11.6,0,7.606,7.519
18/09/1995,3.67,1.344,3.182,0,0,0,4,7.519,7.272
19/09/1995,3.39,1.324,3.103,0.8,0,0,0,7.272,6.839
20/09/1995,3.2,1.3,2.993,0,0,0,0,6.839,6.588
21/09/1995,3.1,1.265,2.875,0,0,0,0,6.588,6.28
22/09/1995,3.04,1.293,2.768,1.6,0,2.4,1.6,6.28,6.04
23/09/1995,2.93,1.271,2.692,1.6,0,6.4,15.2,6.04,6.284
24/09/1995,3,1.335,5.028,16.8,12,43.2,51.6,6.284,13.2
25/09/1995,5.79,1.444,7.818,2.4,4,40.8,13.6,13.2,18.67
26/09/1995,5.62,2.727,15.249,0,0,18.4,2.4,18.67,17.88
27/09/1995,5.57,2.22,8.653,11.2,1.6,42.4,8.8,17.88,12.14
28/09/1995,4.32,1.7,6.861,0,0,15.2,2.4,12.14,10.73
29/09/1995,4.16,1.472,5.529,0,0,0.8,0,10.73,9.433
30/09/1995,3.71,1.447,4.715,1.6,0,20,7.2,9.433,8.584
01/10/1995,3.53,1.65,4.176,4,2.4,14.4,16,8.584,9.635
02/10/1995,3.66,1.517,6.432,5.6,6.4,6.4,4,9.635,11.2
03/10/1995,5.01,1.427,6.424,6.4,1.6,29.6,43.2,11.2,24.47
04/10/1995,9.34,1.434,25.34,6.4,12,15.2,12.8,24.47,31.62
05/10/1995,12.3,1.533,15.576,0.8,0,29.2,9.6,31.62,32.1
06/10/1995,15.5,1.724,32.467,26.4,6.4,53.6,46.4,32.1,56.63
07/10/1995,22.9,2.36,24.877,4,0,18.4,13.6,56.63,28.7
08/10/1995,10.3,1.793,15.635,0.8,0,0,0,28.7,20.15
09/10/1995,8,1.621,10.189,4,0,0,0.8,20.15,12.82
10/10/1995,5.82,1.5,7.297,1.6,0,0,0,12.82,11.69
11/10/1995,4.98,1.461,6.036,0,0,0.8,0,11.69,9.747
12/10/1995,4.5,1.468,5.177,0,0,4,0.8,9.747,9.052
13/10/1995,4.18,1.454,4.547,0,0,0,0,9.052,8.775
14/10/1995,3.91,1.449,4.168,0,0,0,0,8.775,8.092
15/10/1995,3.69,1.441,3.903,0,0,8.8,8,8.092,8.045
16/10/1995,3.52,1.423,3.932,0,0,0,0.8,8.045,8.661
17/10/1995,3.74,1.733,5.595,13.6,4,32,44,8.661,17.19
18/10/1995,5.67,1.546,13.412,0.8,0,0,0,17.19,14.48
19/10/1995,5.19,1.452,7.035,1.6,0,19.2,3.2,14.48,11.44
20/10/1995,4.34,1.455,7.187,0.8,2.4,6.4,0.8,11.44,12.02
21/10/1995,4.62,1.466,6.823,0,0,0,0,12.02,10.47
22/10/1995,4.01,1.419,5.424,0,0,0,9.6,10.47,9.249
23/10/1995,3.7,1.387,4.831,0,0,0,0.8,9.249,9.187
24/10/1995,3.85,1.417,5.047,12,20,17.6,0,9.187,13.35
25/10/1995,5.26,1.972,12.358,1.6,0,11.2,0,13.35,22.87
26/10/1995,9.27,1.585,12.167,1.6,0,16.8,0,22.87,15.78
27/10/1995,6.06,1.47,8.007,0.8,2.4,16.8,0,15.78,13.41
28/10/1995,5.19,1.419,7.619,0,0,0.8,0,13.41,11.75
29/10/1995,4.55,1.405,6.241,0,0,0.8,0,11.75,10.26
30/10/1995,4.12,1.399,5.355,0,0,0.8,0,10.26,9.343
31/10/1995,3.88,1.427,4.849,1.6,2.4,0,13.6,9.343,8.601
01/11/1995,3.66,1.347,4.486,0,0,0,0,8.601,8.094
02/11/1995,3.55,1.371,4.184,0,0,0,0,8.094,7.742
03/11/1995,3.48,1.354,3.943,0,0,0,0,7.742,7.14
04/11/1995,3.27,1.299,3.933,0,0,0,0,7.14,6.907
05/11/1995,3.21,1.283,3.725,0,0,0,0,6.907,6.761
06/11/1995,3.13,1.311,3.547,0,1.6,0,0,6.761,6.478
07/11/1995,3.1,1.339,3.527,0,11.2,0,0.8,6.478,6.395
08/11/1995,3.19,1.37,3.497,1.6,18.4,0,3.2,6.395,6.783
09/11/1995,3.31,1.509,3.517,1.6,7.2,0,1.6,6.783,7.23
10/11/1995,3.39,1.603,3.619,12.8,25.6,0,9.6,7.23,10.64
11/11/1995,5.5,2.813,14.232,44.8,56,0,40,10.64,59.55
12/11/1995,31.1,4.94,33.155,0,0,0,0,59.55,35.39
13/11/1995,11.9,2.44,13.649,0,0,0,0,35.39,20
14/11/1995,7.77,1.893,9.243,0,0,0,4.8,20,17.3
15/11/1995,7.29,2.075,10.698,36.8,56,0,61.6,17.3,76.99
16/11/1995,52.8,3.8,58.582,45.6,77.6,0,6.4,76.99,66.66
17/11/1995,27.4,3.003,21.62,0.8,21.6,0,0,66.66,31.58
18/11/1995,13.2,2.046,12.586,0,0,0,0,31.58,21.68
19/11/1995,9.66,1.773,9.36,0,0,0,0,21.68,18.17
20/11/1995,8.95,1.682,7.933,0.8,0,0,0,18.17,16.77
21/11/1995,8.1,1.684,7.173,15.2,9.6,0,20.8,16.77,20.67
22/11/1995,10.7,1.732,12.391,3.2,0,0,5.6,20.67,22.52
23/11/1995,9.56,1.715,11.404,8,0,0,12.8,22.52,37.03
24/11/1995,20.7,1.75,45.111,23.2,16.8,0,59.2,37.03,88.54
25/11/1995,36,2.334,42.925,2.4,1.6,0,3.2,88.54,45.18
26/11/1995,15.8,2.283,21.997,6.4,7.2,0,1.6,45.18,33.22
27/11/1995,13.3,2.226,15.471,6.4,3.2,0,3.2,33.22,25.97
28/11/1995,11.2,1.974,12.264,4.8,0,5.6,2.4,25.97,22.97
29/11/1995,10.2,1.901,10.69,0.8,0.8,3.2,0.8,22.97,21.25
30/11/1995,9.5,2.022,9.849,0,0,0,0,21.25,18.87
01/12/1995,8.31,1.992,8.34,0.8,0,1.6,0,18.87,16.8
02/12/1995,7.55,1.999,7.615,2.4,1.6,4,1.6,16.8,19.35
03/12/1995,9.34,3.295,8.991,11.2,56,30.4,10.4,19.35,38.07
04/12/1995,16.1,7.192,15.428,8,13.6,7.2,11.2,38.07,36.07
05/12/1995,15,3.872,12.333,1.6,4.8,0,0,36.07,27.62
06/12/1995,12.5,3.226,10.019,12.8,13.6,0.8,16,27.62,29.03
07/12/1995,13.5,3.842,9.997,2.4,0.8,0.8,4,29.03,26.62
08/12/1995,11.6,3.313,9.14,0,4.8,0.8,4,26.62,22.38
09/12/1995,9.78,2.815,8.25,12,0,21.6,1.6,22.38,25.32
10/12/1995,12.2,2.872,17.482,0,0,2.4,0,25.32,36.19
11/12/1995,14.6,3.053,16.237,0.8,0,0,0,36.19,25.58
12/12/1995,10.5,2.343,11.334,1.6,0,0.8,0,25.58,21.41
13/12/1995,9.3,2.133,9.82,7.2,8,0.8,0,21.41,20
14/12/1995,8.97,2.168,9.158,9.6,10.4,2.4,0.8,20,19.4
15/12/1995,9.2,2.182,8.597,1.6,0,3.2,1.6,19.4,19.1
16/12/1995,9.14,2.141,8.141,1.6,0.8,0,0,19.1,18.54
17/12/1995,9.37,2.105,7.68,0,0,0,0,18.54,17.29
18/12/1995,8.34,2.035,7.144,0,0,0,0.8,17.29,15.99
19/12/1995,7.66,2.147,6.618,0.8,3.2,0,2.4,15.99,15.33
20/12/1995,7.63,2.16,6.434,0,0,0,0,15.33,14.81
21/12/1995,7.06,2.133,6.074,0,0.8,0,2.4,14.81,35.64
22/12/1995,22.4,10.927,28.575,39.2,87.2,74.8,40.8,35.64,99.21
23/12/1995,57.8,10.534,35.348,8.8,26.4,1.6,1.6,99.21,63.44
24/12/1995,28.3,5.521,19.24,0,2.4,0,4,63.44,38.36
25/12/1995,16.9,3.969,13.227,0,0,0,0,38.36,25.95
26/12/1995,11.7,3.15,8.956,0,0,0.8,0,25.95,19.98
27/12/1995,11.2,2.51,9.15,0,0,0.8,0,19.98,16.57
28/12/1995,8.4,2.514,9.163,0,0,0,0,16.57,16.63
29/12/1995,8.99,2.513,9.176,0,0,0,0,16.63,15.82
30/12/1995,7.61,2.413,9.116,0,0,0,0,15.82,17.9
31/12/1995,8.34,3.01,7.561,0,7.2,2.4,0,17.9,18.88
01/01/1996,8.74,3.142,7.501,26.4,2.4,16.8,8,18.88,21.18
02/01/1996,10.2,3.421,9.147,8,0,0,0.8,21.18,22.95
03/01/1996,10.1,3.567,10.537,0.8,0,0,0,22.95,30.86
04/01/1996,15.3,3.899,17.17,11.2,5.6,16,8,30.86,48.28
05/01/1996,23.9,5.143,26.772,8,4.8,28,18.4,48.28,69.82
06/01/1996,34.5,7.975,32.605,8,4.8,4.8,2.4,69.82,87.5
07/01/1996,44,13.713,47.777,20,8.8,21.6,16.8,87.5,111.7
08/01/1996,53.7,14.281,57.158,18.4,20.8,63.2,24,111.7,128.9
09/01/1996,61,15.158,54.12,0.8,3.2,7.2,0.8,128.9,58.66
11/01/1996,21.9,9.286,24.243,20,12,1.6,10.4,58.66,66.55
12/01/1996,30.5,11.385,30.107,8,1.6,12,6.4,66.55,101.4
13/01/1996,48.6,12.263,69.089,16.8,12,38.4,36.8,101.4,100.9
14/01/1996,40.1,9.853,39.237,1.6,0,24,0.8,100.9,61.25
15/01/1996,21.8,8.242,25.492,0,0,0,0,61.25,46.7
16/01/1996,17.2,7.6,19.15,0.8,0,0,0,46.7,39.46
17/01/1996,15.1,6.585,15.745,0,0,1.6,0,39.46,32.78
18/01/1996,13.7,4.042,13.593,0,0,0,0,32.78,29.13
19/01/1996,12.5,3.774,12.169,0.8,0,0,0,29.13,27.66
20/01/1996,12.1,3.825,11.75,3.2,0,4.8,3.2,27.66,27.16
21/01/1996,12.1,3.863,11.333,0,0,0,0,27.16,25.62
22/01/1996,11.2,3.601,10.391,5.6,0,0.8,0,25.62,23.95
23/01/1996,10.5,3.529,9.936,0,0,0,0,23.95,22.13
24/01/1996,9.78,3.288,9.025,0,0,0,0,22.13,20.28
25/01/1996,9.04,3.059,8.265,0,0,0,0,20.28,18.58
26/01/1996,8.38,2.972,7.512,0,8,0,0,18.58,18.11
27/01/1996,8.23,3.045,7.362,0,17.6,0,0,18.11,18.05
28/01/1996,8.27,3.153,7.116,0,0,0,0,18.05,18.26
29/01/1996,8.38,2.978,7.251,0,0,0,0,18.26,18.13
30/01/1996,8.59,3.055,7.005,0,0,0,0,18.13,19.88
31/01/1996,10,3.22,6.945,0.8,0,0,0.8,19.88,21.32
01/02/1996,10.3,3.351,6.835,0,0,0,1.6,21.32,21.32
02/02/1996,10,3.647,6.876,1.6,0,0,1.6,21.32,21.71
03/02/1996,11.1,3.79,7.001,8,10.4,0,0,21.71,25.15
04/02/1996,13.3,4.164,7.111,3.2,0.8,0.8,0.8,25.15,24.38
05/02/1996,11.9,3.645,7.004,0,0,0,0,24.38,21.76
06/02/1996,10.2,3.266,6.709,0,4.8,0,0,21.76,19.01
07/02/1996,9.04,3.008,6.578,0,0.8,0,0,19.01,17.25
08/02/1996,8.2,2.778,6.341,3.2,1.6,10.4,1.6,17.25,60.62
10/02/1996,29.7,10.643,48.989,27.2,1.6,47.2,39.2,60.62,160.9
11/02/1996,82.2,19.005,98.641,14.4,0,26.4,8,160.9,220.2
12/02/1996,133,40.81,105.632,4,115.2,76.8,53.6,220.2,232.8
13/02/1996,139,37.481,70.855,0,15.2,0,0.8,232.8,178.9
14/02/1996,83.3,23.768,40.948,0,0,0,0.8,178.9,114.5
15/02/1996,51.8,14.671,32.196,0,0,0,0,114.5,127.4
16/02/1996,77.6,14.091,61.799,0,0.8,0,20.8,127.4,126.7
17/02/1996,59.8,12.767,44.598,0,0,0,33.6,126.7,139.5
18/02/1996,60.5,20.272,84.129,0,15.2,0,24,139.5,111.4
19/02/1996,39.8,16.058,39.72,0,4.8,0,0,111.4,69.55
20/02/1996,23.2,12.67,25.713,0,4,0,2.4,69.55,54.79
21/02/1996,20.3,10.099,20.678,0,10.4,0,2.4,54.79,52.58
22/02/1996,25.6,9.698,21.294,0,12,0,6.4,52.58,66
23/02/1996,34,10.331,22.41,0,0.8,0,21.6,66,91.42
24/02/1996,46.2,11.723,55.429,0,2.4,0,12.8,91.42,104.7
25/02/1996,49.3,11.821,40.513,0,9.6,0,14.4,104.7,74.81
26/02/1996,30.2,10.042,27.288,0,0,0.8,4,74.81,58.99
27/02/1996,22.3,10.226,21.646,0,0,0,0,58.99,50.42
28/02/1996,19.3,9.111,19.006,0,0,0.8,0,50.42,44.56
29/02/1996,17.4,8.478,16.559,0,0,0,0,44.56,42.51
01/03/1996,17.5,7.769,17.177,0,0,0,0,42.51,42.84
02/03/1996,19.6,5.409,19.074,0,3.2,0,4.8,42.84,49.6
03/03/1996,25.9,5.233,19.665,0,5.6,0,0,49.6,52.67
04/03/1996,25.6,5.108,19.829,0,0,1.6,0,52.67,45.33
05/03/1996,19.7,4.779,15.523,0,0,4,0,45.33,36.83
06/03/1996,16.3,4.453,12.839,0,0,0.8,0.8,36.83,33.24
07/03/1996,15.2,3.66,11.669,0,0.8,0.8,1.6,33.24,31.39
08/03/1996,14.6,3.421,11.301,0,4.8,0,0,31.39,28.85
09/03/1996,13.4,3.847,10.577,0,7.2,8,7.2,28.85,26.76
10/03/1996,12.3,3.607,10.328,0,0,0,0,26.76,25.89
11/03/1996,12.2,3.563,10.101,0,8,23.2,28.8,25.89,29.22
12/03/1996,13.1,4.44,11.427,0,8.8,0,0,29.22,30.08
13/03/1996,12.6,4.22,10.898,0,0,0,0,30.08,27.33
14/03/1996,12,4.02,9.864,0,0,0,0.8,27.33,26.48
15/03/1996,12.2,4.294,9.598,0,0,0.8,0,26.48,29.56
16/03/1996,13.8,6.458,11.129,0,16,16,11.2,29.56,38.89
17/03/1996,17.7,8.4,12.863,0,0,22.4,7.2,38.89,39.75
18/03/1996,17.2,7.2,14.177,0,0,0,0,39.75,39.42
19/03/1996,16.7,6.468,16.589,0,0.8,0,0,39.42,40.85
20/03/1996,17.4,5.955,17.508,0,0,0,0,40.85,38.01
21/03/1996,16,5.452,15.628,0,1.6,2.4,0.8,38.01,43.07
22/03/1996,21.3,6.23,19.665,0,11.2,2.4,0.8,43.07,46.38
23/03/1996,20.3,6.583,18.906,0,0.8,3.2,0,46.38,49.81
24/03/1996,22.4,6.125,22.591,0,0,3.2,0,49.81,46.05
25/03/1996,19.9,5.371,18.738,0,0,0,0.8,46.05,38.93
26/03/1996,16.9,5.032,15.786,0,1.6,0,0.8,38.93,34.02
27/03/1996,15.2,4.638,13.662,0,0,0,0,34.02,30.28
28/03/1996,13.8,4.326,12.04,0,0,0,0,30.28,27.85
29/03/1996,13,3.928,11.043,0,0,0,0,27.85,25.08
30/03/1996,11.8,3.636,10.047,0,0,0,0,25.08,23.31
31/03/1996,11,4.161,9.355,0,1.6,0,0,23.31,23.26
01/04/1996,10.4,4.191,8.702,0,0,0,8.8,23.26,20.73
02/04/1996,9.72,3.309,8.127,0,0,0,0.8,20.73,19.42
03/04/1996,9.2,3.117,7.731,0,4,4,0,19.42,18.4
04/04/1996,8.9,3.009,7.336,0,0,0,0,18.4,17.77
05/04/1996,8.75,2.772,7.173,0,0,0,0,17.77,17.29
06/04/1996,8.58,2.71,7.078,0,0,0,0,17.29,16.94
07/04/1996,8.48,2.669,6.947,0,0,0,0,16.94,16.52
08/04/1996,8.25,2.619,6.927,0,0,1.6,8,16.52,16.33
09/04/1996,8.5,2.588,7.026,0,0,0,0,16.33,17.87
10/04/1996,9.14,2.681,7.667,9.6,5.6,9.6,4,17.87,17.41
11/04/1996,8.41,2.635,7.396,2.4,0,0,0,17.41,16.91
12/04/1996,8.15,2.727,7.338,3.2,0,2.4,0.8,16.91,16.41
13/04/1996,7.89,2.618,7.042,0,0,3.2,2.4,16.41,15.39
14/04/1996,7.38,2.498,6.706,3.2,0,6.4,1.6,15.39,14.82
15/04/1996,7.23,2.514,6.622,0,0,1.6,0.8,14.82,14.87
16/04/1996,7.36,2.499,6.62,0.8,1.6,30.4,15.2,14.87,14.88
17/04/1996,7.44,2.555,6.871,2.4,0.8,12,4,14.88,34.25
19/04/1996,12.4,3.365,20.909,0,0.8,0.8,0,34.25,24.36
20/04/1996,8.99,2.797,11.716,0.8,2.4,3.2,0,24.36,18.61
21/04/1996,7.74,2.714,9.422,0,0,0.8,0.8,18.61,17.85
22/04/1996,7.26,2.867,8.313,0.8,0,0,0,17.85,29.55
23/04/1996,13.4,5.597,25,0,42.4,72.8,48,29.55,50.88
24/04/1996,18.9,4.12,30.626,0,0,80,10.4,50.88,48.77
25/04/1996,16.7,3.651,26.72,0,23.2,13.6,1.6,48.77,35.72
26/04/1996,13.4,3.142,16.2,0,0.8,16,0,35.72,26.47
27/04/1996,10.7,2.803,13.66,0,0,12,0,26.47,23.78
28/04/1996,9.81,2.631,11.89,0,5.6,19.2,0,23.78,19.78
29/04/1996,8.59,2.754,9.709,0,0.8,29.6,0,19.78,20.01
30/04/1996,8.58,4.002,11.34,0,36.8,27.2,0,20.01,36.92
01/05/1996,14.2,9.681,35.408,0,15.2,38.4,16,36.92,118
02/05/1996,47.6,33.618,55.277,0,20.8,0.8,4,118,79.52
03/05/1996,26.1,16.146,24.122,0,0,8,0,79.52,42.63
04/05/1996,14.8,8.355,15.955,0,0,0,0,42.63,30.78
05/05/1996,11.7,6.172,12.673,0,0,0,0,30.78,25.43
06/05/1996,10.1,5.05,10.639,0,11.2,3.2,0,25.43,22.11
07/05/1996,9.06,4.343,9.415,0,0,0,0,22.11,19.42
08/05/1996,8.34,3.847,8.366,0,4,0,0,19.42,17.46
09/05/1996,7.82,3.549,7.663,0.8,0,0,0.8,17.46,16.54
10/05/1996,7.43,3.403,7.293,14.4,21.6,3.2,2.4,16.54,16.78
11/05/1996,7.91,3.507,7.83,11.2,10.4,1.6,4.8,16.78,18.09
12/05/1996,8.84,3.43,8.566,8.8,8,0.8,0.8,18.09,19.11
13/05/1996,9.84,3.277,8.3,0,0,0,0.8,19.11,17.79
14/05/1996,8.51,2.973,7.25,0,0,0,0,17.79,15.21
15/05/1996,7.48,2.827,6.653,0,0,0,0,15.21,14.01
16/05/1996,6.96,2.641,6.308,0,0.8,0,0,14.01,13.28
17/05/1996,6.72,2.623,6.119,2.4,2.4,0.8,0,13.28,13.03
18/05/1996,6.65,2.558,5.984,0,0,0,0,13.03,13.34
19/05/1996,6.82,2.777,5.984,8.8,24,22.4,4.8,13.34,13.4
20/05/1996,6.79,2.612,6.807,15.2,0,42.4,5.6,13.4,17.43
21/05/1996,8.38,2.541,10.011,0,0,0.8,0,17.43,16.83
22/05/1996,7.6,2.846,8.955,11.2,8.8,52,7.2,16.83,27.83
23/05/1996,11.2,4.409,18.437,3.2,2.4,7.2,1.6,27.83,28.7
24/05/1996,10.5,4.578,13.569,1.6,4,4.8,3.2,28.7,22.7
25/05/1996,8.59,3.697,10.616,0,0,11.2,0,22.7,17.83
26/05/1996,7.29,3.195,8.623,18.4,8,64.8,24.8,17.83,22.79
27/05/1996,10.8,3.925,16.267,5.6,7.2,41.2,5.6,22.79,28.93
28/05/1996,11.1,3.549,12.577,6.4,0,197.2,13.6,28.93,29.35
29/05/1996,9.59,3.417,24.597,0,0,0,6.4,29.35,34.53
30/05/1996,10.7,4.221,22.154,15.2,9.6,12.8,4.8,34.53,33.95
31/05/1996,12.6,4.017,17.429,0.8,0.8,4,0,33.95,22.37
01/06/1996,8.53,3.029,10.603,0.8,0,0.8,0.8,22.37,17.71
02/06/1996,7.66,2.626,8.536,0,4.8,158.8,0,17.71,15.35
03/06/1996,6.84,2.465,7.379,3.2,2.4,33.6,0,15.35,13.49
04/06/1996,6.21,2.343,6.75,0,4,4,0,13.49,12.65
05/06/1996,6.16,2.244,6.375,0,0,0,0,12.65,10.77
06/06/1996,5.7,2.157,5.668,3.2,0,0.8,0,10.77,11.59
07/06/1996,6.04,2.47,5.907,4,21.6,8.8,0,11.59,16.58
08/06/1996,6.9,5.387,5.884,0.8,15.2,0.8,0,16.58,12.38
09/06/1996,5.42,2.791,4.952,0.8,0,0,0,12.38,10.47
10/06/1996,5.1,2.38,4.64,1.6,3.2,7.2,0,10.47,10.41
11/06/1996,5.02,2.843,4.638,4,12.8,44,8,10.41,11.46
12/06/1996,4.91,2.915,6.525,0,0,0,0,11.46,12.42
13/06/1996,4.76,2.312,6.609,0,0,0,11.2,12.42,10.31
14/06/1996,4.49,2.105,5.199,0,0,0,0,10.31,8.883
15/06/1996,4.3,1.989,4.518,0,0,0,0,8.883,8.469
16/06/1996,4.12,1.94,4.078,0,0,0,0,8.469,7.692
17/06/1996,4.03,1.922,3.889,0,0,0,0,7.692,8.196
18/06/1996,3.91,1.821,3.844,0,0,0,0,8.196,8.271
19/06/1996,3.89,1.806,3.752,0,0,4,0,8.271,7.797
20/06/1996,3.89,1.803,3.627,0,0,0,0,7.797,7.308
21/06/1996,3.86,1.788,3.565,0,0,0,0,7.308,7.858
22/06/1996,3.79,1.783,3.517,0,0,0,0,7.858,8.03
23/06/1996,3.72,1.737,3.442,0,0,0,0,8.03,7.592
24/06/1996,3.56,1.738,3.396,0,0,0,0,7.592,7.2
25/06/1996,3.4,1.697,3.319,0,0,0,0,7.2,7.301
26/06/1996,3.53,1.781,3.364,11.2,0,14.4,0.8,7.301,7.64
27/06/1996,3.57,1.835,3.385,0,0,0,0,7.64,8.891
28/06/1996,4.02,2.642,3.821,7.2,32.8,38.4,0,8.891,9.096
29/06/1996,3.95,2.146,3.571,0.8,0,13.6,0,9.096,8.009
30/06/1996,3.59,1.792,3.537,8,0.8,42.4,0.8,8.009,8.112
01/07/1996,4.24,1.81,3.618,14.4,23.2,43.2,0.8,8.112,8.743
02/07/1996,4.27,1.959,3.605,4,2.4,0,0,8.743,9.743
03/07/1996,4.38,2.544,8.729,32,33.6,92,0,9.743,25.6
04/07/1996,7.81,3.651,23.383,17.6,8.4,33.6,0,25.6,34.37
05/07/1996,12.3,3.048,16.628,0,0,0,0,34.37,19.06
06/07/1996,6.68,2.123,8.098,0,0,0.8,0,19.06,12.78
07/07/1996,5.18,1.926,6.111,16,10.4,9.6,0,12.78,11.23
08/07/1996,5.2,2.001,5.034,0,0,0,0,11.23,9.98
09/07/1996,4.57,1.836,4.432,0,1.6,4,26,9.98,8.654
10/07/1996,4.06,1.758,3.894,0,0,0,0,8.654,7.911
11/07/1996,3.77,1.71,3.901,0.8,8,23.2,0,7.911,7.658
12/07/1996,3.65,1.736,3.689,0.8,4.8,16.8,0,7.658,7.172
13/07/1996,3.51,1.648,3.558,0,0,50.4,0,7.172,6.912
14/07/1996,3.38,1.605,3.589,0,0,0,0,6.912,7.047
15/07/1996,3.18,1.549,3.584,0,0,0,0,7.047,6.94
16/07/1996,3.04,1.507,3.425,0,0,0,0,6.94,6.478
17/07/1996,3,1.493,3.229,0,0,0,0,6.478,6.009
18/07/1996,2.91,1.484,3.12,0,0,0,0,6.009,5.982
19/07/1996,2.84,1.464,2.997,0,0,0,0,5.982,5.672
20/07/1996,2.68,1.478,2.85,0,0,0,0,5.672,5.357
21/07/1996,2.58,1.43,2.724,0,0,0,0,5.357,5.322
22/07/1996,2.5,1.426,2.712,0,0,0,0,5.322,5.333
23/07/1996,2.59,1.423,3.125,3.2,33.6,0,0,5.333,6.615
24/07/1996,3.95,1.58,3.16,6.4,1.6,6.4,0,6.615,6.829
25/07/1996,3.28,1.473,2.838,0,0,0,0,6.829,5.903
26/07/1996,3,1.412,2.659,0,0,5.6,0,5.903,5.732
27/07/1996,2.82,1.413,2.559,0,0,0,0,5.732,5.714
28/07/1996,2.84,1.436,2.684,4,7.2,16.8,0,5.714,6.648
29/07/1996,3.04,2.274,2.986,10.4,18.4,62.8,0,6.648,11.01
30/07/1996,3.13,3.003,7.37,0.8,0,12,0,11.01,9.931
31/07/1996,3.47,1.945,5.133,0,0,0.8,0,9.931,9.123
01/08/1996,3.18,1.664,5.001,0,0,0,0,9.123,7.617
02/08/1996,3.05,1.522,3.829,0,0,0,0,7.617,6.872
03/08/1996,2.8,1.459,3.557,0,0,0,0,6.872,6.422
04/08/1996,2.7,1.449,3.316,0,0,0,0,6.422,5.958
05/08/1996,2.65,1.452,3.182,0,0,0,0,5.958,6.738
06/08/1996,3.01,1.644,3.359,4.8,28,24,4,6.738,7.952
07/08/1996,3.29,2.29,3.505,1.6,10,26.4,0,7.952,7.691
08/08/1996,3.21,1.795,3.234,0.8,0,18.4,0,7.691,7.371
09/08/1996,3.21,1.628,3.29,0,5.2,0,0,7.371,7.712
10/08/1996,3.46,1.845,3.593,32.8,14.8,59.6,0,7.712,13.39
11/08/1996,5.07,2.174,9.281,3.2,14.4,0.8,0,13.39,12.9
12/08/1996,4.9,1.732,5.706,0.8,0,2.4,0,12.9,9.586
13/08/1996,3.9,1.558,4.176,0,0,0,0,9.586,7.949
14/08/1996,3.39,1.503,3.637,0,0,0,0,7.949,7.109
15/08/1996,3.1,1.468,3.429,0,0,0,0,7.109,6.453
16/08/1996,2.92,1.457,3.123,0,0,0,0,6.453,6.105
17/08/1996,2.78,1.423,2.947,0,0,0,0,6.105,5.531
18/08/1996,2.68,1.4,2.788,0,0,0,0,5.531,5.647
19/08/1996,2.6,1.386,2.659,0,0,0,0,5.647,5.224
20/08/1996,2.53,1.458,2.599,2.4,3.2,16,0,5.224,5.266
21/08/1996,2.56,1.72,2.551,0.8,2.4,10.4,0,5.266,5.648
22/08/1996,3.13,1.555,2.794,21.6,31.2,54.4,0,5.648,8.521
23/08/1996,3.37,3.543,3.186,13.6,19.2,24.4,0,8.521,10.66
24/08/1996,4.06,3.492,4.404,2.4,34.4,80.8,0,10.66,14.88
25/08/1996,4.42,2.717,10.481,4,5.6,16,0,14.88,15.74
26/08/1996,4.53,2.242,11.785,3.2,30.4,72.8,0,15.74,41.07
27/08/1996,13.9,10.682,29.987,16.8,17.6,18.8,0,41.07,40.86
28/08/1996,14.7,4.387,18.813,28,8.8,16.8,0,40.86,33.38
29/08/1996,13,3.64,15.604,0,0,0,0,33.38,20.9
30/08/1996,7.9,2.411,8.46,0,0,0,0,20.9,14.13
31/08/1996,5.84,2.049,6.174,0,0,0,0,14.13,11.17
01/09/1996,4.89,1.873,5.062,2.4,8.8,4.8,0,11.17,10.04
02/09/1996,4.67,1.902,4.524,9.6,12.8,5.6,0,10.04,10
03/09/1996,4.63,1.983,4.1,0,0,0.8,0.8,10,9.021
04/09/1996,4.37,2.007,3.96,2.4,7.2,14,0,9.021,8.54
05/09/1996,4.08,1.89,3.932,0,0,0,0,8.54,8.07
06/09/1996,3.71,1.754,3.645,0,0,0,0,8.07,7.754
07/09/1996,3.51,1.713,3.58,0,0,0,0,7.754,7.491
08/09/1996,3.36,1.676,3.401,0,0,0,0,7.491,7.281
09/09/1996,3.24,1.66,3.228,0,0,0,0,7.281,7.106
10/09/1996,3.16,1.652,3.16,0,0,0,0,7.106,7.065
11/09/1996,3.1,1.633,3.238,0.8,2.4,4.8,1.6,7.065,6.878
12/09/1996,3.01,1.606,3.008,0,0,0,0,6.878,6.452
13/09/1996,2.87,1.55,2.88,0,0,0,0,6.452,6.339
14/09/1996,2.8,1.536,2.864,0,0,0,0,6.339,6.254
15/09/1996,2.75,1.541,2.812,0,0,0,0,6.254,6.127
16/09/1996,2.69,1.522,2.735,0,0,0,0,6.127,6.02
17/09/1996,2.62,1.504,2.699,0,0,0,0,6.02,6.131
18/09/1996,2.61,1.49,2.641,3.2,5.6,0,0,6.131,5.944
19/09/1996,2.6,1.488,2.658,0.8,2.4,0.8,8,5.944,5.902
20/09/1996,2.66,1.547,2.673,3.2,3.2,13.6,7.2,5.902,5.961
21/09/1996,2.67,1.571,2.631,0.8,0,0,0,5.961,5.918
22/09/1996,2.63,1.531,2.685,0,0,0,0,5.918,5.828
23/09/1996,2.6,1.539,2.696,0,0,0,0,5.828,5.828
24/09/1996,2.57,1.505,2.692,0.8,3.2,8.8,4,5.828,5.945
25/09/1996,2.65,1.543,2.63,0.8,3.2,5.6,6.4,5.945,5.983
26/09/1996,2.74,1.534,2.682,8.8,8,41.6,32.8,5.983,5.956
27/09/1996,2.78,1.649,2.669,1.6,0,14.4,1.6,5.956,6.779
28/09/1996,2.93,1.579,4.151,20,8,50.4,54.4,6.779,51.87
29/09/1996,20.5,2.676,65.227,30.4,9.6,96,74.4,51.87,71.44
30/09/1996,21.1,2.832,35.481,0,1.6,4.8,0.8,71.44,32
01/10/1996,9.08,2.019,14.85,4,0.8,7.2,0.8,32,18.31
02/10/1996,6.19,1.773,9.211,0,0,1.6,0.8,18.31,13.85
03/10/1996,4.82,1.694,12.559,19.2,5.6,32,52,13.85,37.8
04/10/1996,13.1,2.081,31.049,10.4,4.8,25.6,16.8,37.8,36.52
05/10/1996,11.8,2.982,19.642,0.8,0,0,0,36.52,22.54
06/10/1996,7.35,2.104,10.935,3.2,8,2.4,1.6,22.54,16.22
07/10/1996,5.74,1.956,8.369,0,0,3.2,1.6,16.22,13.6
08/10/1996,5.08,1.933,7.221,1.6,9.6,9.6,2.4,13.6,12.07
09/10/1996,4.73,1.939,6.513,0,0,6.4,0,12.07,11.03
10/10/1996,4.31,1.795,5.724,0,0,0,0,11.03,9.606
11/10/1996,3.92,1.713,5.062,0,0,0,0,9.606,8.741
12/10/1996,3.7,1.668,4.62,0,4,0.8,5.6,8.741,8.164
13/10/1996,3.5,1.661,4.364,0,0,0,0,8.164,7.69
14/10/1996,3.43,1.638,4.264,2.4,0.8,6.4,6.4,7.69,7.715
15/10/1996,3.49,1.812,4.412,10.4,18.8,20,18.4,7.715,11.21
16/10/1996,4.88,1.969,8.534,4.8,0.8,8.8,17.6,11.21,17.71
17/10/1996,8.33,1.838,11.855,0,0,0.8,0,17.71,16.85
18/10/1996,6.37,2.697,9.901,15.2,10.4,44,28,16.85,23.62
19/10/1996,9.13,2.824,17.65,1.6,6.4,3.2,4,23.62,22.18
20/10/1996,7.82,2.82,15.329,10.4,12.8,54.4,32.8,22.18,37.14
21/10/1996,9.79,4.987,28.486,0,0,0,0,37.14,25.09
22/10/1996,7.76,2.729,12.977,0,0,2.4,0.8,25.09,16.65
23/10/1996,5.8,2.262,9.317,0,0,0,0,16.65,12.93
24/10/1996,5.14,2.087,7.56,10.4,33.2,16,8,12.93,12.55
25/10/1996,5.28,2.873,8.121,5.6,3.2,8,11.2,12.55,34.69
26/10/1996,18.3,4.098,40.411,25.6,9.6,41.6,37.6,34.69,80.15
27/10/1996,40.1,4.699,56.899,20.8,12.8,44.8,36,80.15,77.41
28/10/1996,32.8,4.519,41.524,16.8,8,49.6,28.8,77.41,67.79
29/10/1996,29.2,4.715,34.34,0,6.4,0.8,3.2,67.79,38.05
30/10/1996,12.7,3.52,16.823,0,0,1.6,0,38.05,24.68
31/10/1996,9.03,3.366,18.124,5.6,0.8,37.6,31.2,24.68,39.27
01/11/1996,14.2,4.067,25.078,8.8,0,3.2,4,39.27,37.38
02/11/1996,19.3,3.474,26.473,6.4,0,8,8,37.38,42.33
03/11/1996,17.8,3.235,23.3,8,0.8,24,13.6,42.33,49.2
04/11/1996,23.5,4.901,36.965,33.6,16,89.2,62.4,49.2,91.77
05/11/1996,35.8,13.911,61.838,35.2,19.2,84,88.8,91.77,154.4
06/11/1996,69.5,23.755,111.075,23.2,23.2,32.8,17.6,154.4,117.6
07/11/1996,45.7,18.248,43.975,0,0,0.8,0,117.6,59.85
08/11/1996,17.5,9.113,25.22,13.6,4,30.4,9.6,59.85,46.17
09/11/1996,15.8,8.606,25.372,7.2,2.4,30.4,1.6,46.17,39.79
10/11/1996,13.3,7.022,18.681,0,0,1.6,0,39.79,31.34
11/11/1996,11,6.059,14.668,56.8,26.4,32,9.6,31.34,78.98
12/11/1996,59.9,10.404,53.074,22.4,23.2,29.6,9.6,78.98,81.29
13/11/1996,31,13.899,25.336,0,0,0,0,81.29,45.83
14/11/1996,14.9,12.495,17.109,0.8,4,7.2,2.4,45.83,36.09
15/11/1996,12.3,10.223,14.12,0,0,0,0.8,36.09,27.91
16/11/1996,10.5,6.645,12.06,1.6,6.4,9.6,6.4,27.91,26.47
17/11/1996,10.2,6.477,14.732,15.2,13.6,16,12,26.47,31.63
18/11/1996,12.9,4.464,16.044,0,0,0,0,31.63,24.98
19/11/1996,10,3.751,11.601,8,32,26.4,0,24.98,29.56
20/11/1996,12.9,10.157,14.254,32.8,36,20.8,0,29.56,32.17
21/11/1996,12,6.552,13.046,5.6,6.4,0.8,3.2,32.17,26.12
22/11/1996,10.7,6.438,13.007,23.6,14,32.8,12.8,26.12,30.39
23/11/1996,10.9,6.635,14.242,0.8,0,9.6,0.8,30.39,26
24/11/1996,9.68,5.189,11.872,9.6,26.4,44,20,26,37.26
25/11/1996,12,13.428,37.127,23.2,8,16.4,8,37.26,100.2
26/11/1996,41.4,26.014,46.587,0,14.4,17.6,0,100.2,67.15
27/11/1996,20.7,14.866,23.632,0,0,172.8,0,67.15,38.86
28/11/1996,14.2,6.06,16.733,0.8,5.6,137.2,21.6,38.86,48.78
29/11/1996,14,15.096,38.259,8,2.4,69.6,20.8,48.78,73.56
30/11/1996,27.7,14.626,46.76,1.6,0,19.2,5.6,73.56,82.03
01/12/1996,44.6,11.867,46.032,28.8,15.2,32.4,11.2,82.03,105.5
02/12/1996,59,12.96,45.474,5.6,0.8,152.8,34.4,105.5,88.79
03/12/1996,27.9,23.289,60.587,38.4,54.4,144.4,52,88.79,134.8
04/12/1996,56,25.597,66.234,26.4,0.8,75.2,16,134.8,99.48
05/12/1996,35,18.114,40.496,2.4,0,0.8,0,99.48,63.44
06/12/1996,19.6,13.466,25.387,0.8,0,78,0,63.44,44.59
07/12/1996,14.9,9.028,18.862,0.8,0,1.6,0,44.59,37.22
08/12/1996,14.4,8.244,16.734,0,0,3.2,0,37.22,48.03
09/12/1996,24.2,7.267,20.364,0,0,18.4,0,48.03,39.46
10/12/1996,17.1,5.188,15.661,0,0,0,0,39.46,31.23
11/12/1996,13.4,4.874,13.089,0,0,30.4,0,31.23,27.67
12/12/1996,12.1,4.665,11.688,4.8,5.6,0,0,27.67,25.2
13/12/1996,11.2,4.46,10.585,0,8.8,0,0,25.2,22.72
14/12/1996,9.94,4.239,9.455,0,0,9.6,4,22.72,21.94
15/12/1996,10.9,4.195,10.272,7.2,0.8,21.6,8,21.94,27.14
16/12/1996,12.7,4.065,12.377,6.4,2.4,17.6,3.2,27.14,28.11
17/12/1996,12.3,4.004,12.46,1.6,0,14.4,3.2,28.11,26.62
18/12/1996,11.3,5.387,13.225,24,42.4,40,20,26.62,143.4
19/12/1996,76.1,51.522,99.631,64.8,74.4,55.2,63.2,143.4,220
20/12/1996,90.5,67.316,68.354,12,0.8,23.2,12.8,220,139.9
21/12/1996,40.1,35.455,36.266,0,0,0,0,139.9,80.7
22/12/1996,21.7,20.256,24.552,0,0,0,0,80.7,58.84
23/12/1996,17.2,15.527,19.237,6.4,0,0,1.6,58.84,46.48
24/12/1996,14.9,11.158,16.356,0,0,0,0,46.48,39.75
25/12/1996,13,8.684,14.206,0,3.2,0.8,1.6,39.75,33.06
26/12/1996,11.7,6.075,12.671,0,0.8,0,0,33.06,29.52
27/12/1996,10.9,5.721,11.558,1.6,14.4,8.8,3.2,29.52,28.67
28/12/1996,11.1,5.486,11.411,11.2,11.2,4.8,4.8,28.67,29.31
29/12/1996,12.1,5.329,11.781,3.2,4.8,0,0.8,29.31,34.28
30/12/1996,15.8,6.177,14.255,12.8,6.4,5.6,4,34.28,39.42
31/12/1996,16.8,5.829,13.549,4.8,9.6,6.4,0.8,39.42,39.42